"Date","Price","Open","High","Low","Vol.","Change %"
"05/08/2026","822.52","821.38","824.25","814.03","","0.39%"
"05/07/2026","819.33","820.22","824.38","814.09","","0.64%"
"05/06/2026","814.16","820.56","824.41","812.04","","-0.32%"
"05/05/2026","816.77","827.47","827.66","816.62","","-0.97%"
"05/04/2026","824.78","826.52","834.80","820.51","","-0.06%"
"05/01/2026","825.31","825.31","825.31","825.31","","0.00%"
"04/30/2026","825.31","818.34","825.31","816.45","","1.09%"
"04/29/2026","816.40","815.19","820.96","811.25","","-0.04%"
"04/28/2026","816.73","821.58","824.99","811.18","","-1.10%"
"04/27/2026","825.81","830.80","837.04","820.75","","-0.24%"
"04/24/2026","827.82","833.79","838.09","826.19","","-0.51%"
"04/23/2026","832.09","826.75","838.08","820.27","","0.77%"
"04/22/2026","825.77","829.69","830.37","821.84","","0.32%"
"04/21/2026","823.12","821.83","826.55","819.87","","0.63%"
"04/20/2026","817.94","819.78","820.43","813.48","","0.00%"
"04/18/2026","817.96","808.60","817.96","817.96","","0.00%"
"04/17/2026","817.96","808.60","819.75","808.60","","1.65%"
"04/16/2026","804.70","811.92","815.64","804.70","","-0.37%"
"04/15/2026","807.69","800.83","809.50","799.96","","1.13%"
"04/14/2026","798.64","792.89","801.15","792.45","","0.88%"
"04/13/2026","791.66","791.84","795.79","789.11","","-0.42%"
"04/10/2026","794.98","803.77","803.77","792.07","","-0.71%"
"04/09/2026","800.68","810.73","812.64","799.68","","-0.71%"
"04/08/2026","806.38","799.43","812.76","799.43","","2.03%"
"04/07/2026","790.31","806.59","812.20","789.20","","-2.26%"
"04/02/2026","808.57","803.84","811.72","802.56","","0.57%"
"04/01/2026","803.98","808.10","813.36","798.97","","0.32%"
"03/31/2026","801.42","804.58","809.55","791.68","","-0.74%"
"03/30/2026","807.39","782.17","808.85","776.20","","3.33%"
"03/27/2026","781.37","789.15","789.43","779.94","","-0.98%"
"03/26/2026","789.14","800.37","800.37","789.14","","-1.67%"
"03/25/2026","802.53","797.84","804.59","795.00","","0.52%"
"03/24/2026","798.35","801.82","804.47","792.85","","-0.22%"
"03/23/2026","800.08","801.60","806.19","787.27","","-1.10%"
"03/21/2026","808.95","813.22","808.95","808.95","","0.00%"
"03/20/2026","808.95","813.22","816.05","808.15","","-0.69%"
"03/19/2026","814.54","817.54","819.64","810.96","","-0.64%"
"03/18/2026","819.77","822.23","827.26","818.39","","-0.24%"
"03/17/2026","821.73","823.83","825.24","818.34","","-0.07%"
"03/16/2026","822.29","816.75","824.66","814.27","","0.98%"
"03/13/2026","814.29","816.38","818.37","811.29","","-0.64%"
"03/12/2026","819.51","822.83","823.89","817.77","","-0.35%"
"03/11/2026","822.42","828.21","828.21","820.78","","-0.93%"
"03/10/2026","830.14","823.92","832.30","823.59","","1.44%"
"03/09/2026","818.37","829.58","829.58","814.36","","-2.05%"
"03/06/2026","835.48","842.02","843.29","832.55","","-0.15%"
"03/05/2026","836.70","845.39","849.09","836.26","","-1.37%"
"03/04/2026","848.33","831.70","850.89","831.46","","2.40%"
"03/03/2026","828.46","855.83","855.83","825.77","","-4.71%"
"03/02/2026","869.37","882.32","882.54","867.70","","-1.89%"
"02/27/2026","886.15","885.45","887.46","881.15","","0.84%"
"02/26/2026","878.81","888.88","890.40","876.96","","-1.05%"
"02/25/2026","888.11","883.88","890.75","881.94","","0.73%"
"02/24/2026","881.64","885.22","886.99","877.97","","-0.43%"
"02/23/2026","885.45","897.69","899.45","884.25","","-1.25%"
"02/20/2026","896.67","907.08","907.08","892.64","","-0.09%"
"02/19/2026","897.46","889.52","897.46","888.30","","0.84%"
"02/18/2026","889.95","888.64","898.43","886.79","","0.32%"
"02/17/2026","887.07","898.39","898.39","886.23","","-1.11%"
"02/16/2026","896.99","907.58","919.75","896.07","","-0.83%"
"02/13/2026","904.53","903.34","909.71","901.43","","0.61%"
"02/12/2026","899.03","908.72","912.16","896.60","","-0.82%"
"02/11/2026","906.50","924.31","925.52","903.58","","-1.54%"
"02/10/2026","920.72","974.79","976.42","915.67","","-5.30%"
"02/09/2026","972.28","975.73","980.51","971.25","","0.14%"
"02/06/2026","970.95","964.71","973.04","961.43","","0.97%"
"02/05/2026","961.58","975.74","978.00","961.22","","-1.31%"
"02/04/2026","974.37","980.04","984.20","971.09","","-0.64%"
"02/03/2026","980.62","991.09","995.01","980.61","","-1.27%"
"02/02/2026","993.23","989.14","998.20","985.84","","0.32%"
"01/30/2026","990.04","989.84","994.34","985.85","","0.17%"
"01/29/2026","988.40","1,001.66","1,007.05","987.38","","-1.01%"
"01/28/2026","998.50","1,005.55","1,009.77","998.04","","-0.63%"
"01/27/2026","1,004.81","1,014.89","1,015.54","1,002.11","","-0.87%"
"01/26/2026","1,013.65","1,019.68","1,022.38","1,012.80","","-0.13%"
"01/23/2026","1,014.99","1,019.35","1,023.79","1,014.19","","-0.94%"
"01/22/2026","1,024.60","1,012.27","1,024.65","1,011.94","","1.66%"
"01/21/2026","1,007.83","1,009.29","1,011.07","1,002.40","","0.07%"
"01/20/2026","1,007.11","1,017.33","1,017.48","999.33","","-1.11%"
"01/19/2026","1,018.37","1,026.65","1,026.65","1,009.67","","-1.29%"
"01/16/2026","1,031.69","1,036.50","1,037.21","1,028.07","","-0.23%"
"01/15/2026","1,034.06","1,026.33","1,034.06","1,026.33","","0.83%"
"01/14/2026","1,025.57","1,024.61","1,028.59","1,022.29","","0.16%"
"01/13/2026","1,023.89","1,031.26","1,034.01","1,020.98","","-0.52%"
"01/12/2026","1,029.25","1,037.98","1,038.60","1,023.72","","-0.47%"
"01/09/2026","1,034.06","1,033.99","1,041.09","1,026.89","","-0.01%"
"01/08/2026","1,034.12","1,043.22","1,045.83","1,033.67","","-0.24%"
"01/07/2026","1,036.62","1,037.47","1,040.13","1,033.38","","-0.29%"
"01/06/2026","1,039.65","1,039.65","1,039.65","1,039.65","","0.00%"
"01/05/2026","1,039.65","1,058.39","1,058.39","1,030.99","","-0.98%"
"01/02/2026","1,049.92","1,029.59","1,056.55","1,029.59","","2.53%"
"12/30/2025","1,024.01","1,009.45","1,026.88","1,007.55","","1.85%"
"12/29/2025","1,005.39","999.97","1,013.97","999.97","","0.51%"
"12/23/2025","1,000.29","997.48","1,002.82","991.57","","0.28%"
"12/22/2025","997.48","1,002.30","1,006.08","997.40","","-0.34%"
"12/19/2025","1,000.87","1,011.10","1,011.55","998.49","","-0.91%"
"12/18/2025","1,010.04","994.58","1,010.04","991.94","","1.26%"
"12/17/2025","997.46","1,001.96","1,003.60","990.88","","-0.44%"
"12/16/2025","1,001.84","1,005.11","1,005.45","993.16","","-0.02%"
"12/15/2025","1,002.02","1,003.97","1,005.36","995.72","","0.12%"
"12/12/2025","1,000.85","1,004.81","1,008.26","999.99","","-0.39%"
"12/11/2025","1,004.80","1,006.40","1,010.56","1,002.29","","-0.26%"
"12/10/2025","1,007.39","1,008.82","1,013.24","1,003.01","","-0.13%"
"12/09/2025","1,008.68","1,005.06","1,012.02","1,002.48","","0.41%"
"12/08/2025","1,004.55","1,012.90","1,016.97","1,002.13","","-0.56%"
"12/05/2025","1,010.20","1,013.72","1,015.43","1,007.62","","-0.49%"
"12/04/2025","1,015.16","1,007.84","1,020.27","1,002.78","","1.01%"
"12/03/2025","1,004.96","1,000.71","1,018.33","1,000.71","","0.57%"
"12/02/2025","999.30","1,011.47","1,013.01","998.84","","-1.03%"
"12/01/2025","1,009.66","1,017.37","1,030.95","1,005.81","","-0.79%"
"11/28/2025","1,017.74","1,003.25","1,017.74","997.72","","1.13%"
"11/27/2025","1,006.36","1,002.72","1,006.63","1,001.29","","0.32%"
"11/26/2025","1,003.18","998.18","1,004.11","992.96","","0.60%"
"11/25/2025","997.17","1,004.74","1,006.88","993.00","","-1.00%"
"11/24/2025","1,007.25","999.30","1,015.58","998.10","","1.17%"
"11/21/2025","995.63","1,005.89","1,006.12","992.31","","-1.33%"
"11/20/2025","1,009.02","1,014.05","1,014.89","1,008.18","","0.70%"
"11/19/2025","1,001.98","1,003.06","1,009.64","1,001.01","","0.12%"
"11/18/2025","1,000.82","1,012.20","1,012.86","997.63","","-1.09%"
"11/17/2025","1,011.86","1,025.83","1,030.43","1,011.86","","-0.56%"
"11/14/2025","1,017.60","1,019.24","1,022.76","1,008.90","","-0.52%"
"11/13/2025","1,022.89","1,026.53","1,031.43","1,022.89","","-0.01%"
"11/12/2025","1,023.03","1,036.50","1,039.15","1,021.79","","-0.88%"
"11/11/2025","1,032.13","1,039.56","1,042.69","1,031.96","","-0.24%"
"11/10/2025","1,034.58","1,045.13","1,048.30","1,034.58","","-0.76%"
"11/07/2025","1,042.51","1,048.44","1,055.60","1,039.65","","-0.41%"
"11/06/2025","1,046.79","1,053.68","1,060.93","1,045.31","","-0.18%"
"11/05/2025","1,048.69","1,049.66","1,054.20","1,046.13","","-0.04%"
"11/04/2025","1,049.13","1,051.11","1,053.79","1,040.37","","-0.03%"
"11/03/2025","1,049.45","1,053.60","1,057.48","1,043.72","","0.15%"
"10/31/2025","1,047.83","1,056.09","1,057.75","1,044.37","","-0.76%"
"10/30/2025","1,055.82","1,053.98","1,058.98","1,051.75","","0.21%"
"10/29/2025","1,053.62","1,047.22","1,055.70","1,042.64","","0.90%"
"10/28/2025","1,044.23","1,049.09","1,050.53","1,041.39","","-0.78%"
"10/27/2025","1,052.48","1,057.64","1,060.38","1,046.03","","-0.07%"
"10/24/2025","1,053.24","1,048.80","1,053.56","1,041.36","","1.01%"
"10/23/2025","1,042.67","1,034.04","1,043.90","1,033.14","","1.07%"
"10/22/2025","1,031.66","1,040.57","1,044.01","1,030.88","","-0.97%"
"10/21/2025","1,041.74","1,041.93","1,044.68","1,036.02","","-0.02%"
"10/20/2025","1,041.94","1,046.94","1,047.02","1,035.25","","0.28%"
"10/17/2025","1,038.98","1,054.59","1,054.59","1,034.18","","-1.17%"
"10/16/2025","1,051.28","1,047.75","1,052.10","1,046.13","","0.33%"
"10/15/2025","1,047.82","1,049.69","1,057.87","1,047.68","","0.34%"
"10/14/2025","1,044.31","1,044.19","1,049.11","1,036.43","","0.15%"
"10/13/2025","1,042.74","1,049.41","1,057.01","1,039.00","","-0.64%"
"10/10/2025","1,049.44","1,049.26","1,053.36","1,047.37","","0.27%"
"10/09/2025","1,046.66","1,053.30","1,057.66","1,046.23","","-0.83%"
"10/08/2025","1,055.46","1,062.79","1,075.49","1,053.36","","-0.13%"
"10/07/2025","1,056.82","1,062.78","1,064.31","1,054.44","","-0.37%"
"10/06/2025","1,060.71","1,075.05","1,075.72","1,056.46","","-1.32%"
"10/04/2025","1,074.88","1,073.27","1,074.88","1,074.88","","0.00%"
"10/03/2025","1,074.88","1,073.27","1,081.52","1,072.15","","-0.30%"
"10/02/2025","1,078.15","1,085.07","1,085.65","1,073.04","","-0.06%"
"10/01/2025","1,078.76","1,082.70","1,083.53","1,071.22","","-0.48%"
"09/30/2025","1,084.00","1,068.17","1,084.56","1,067.43","","1.25%"
"09/29/2025","1,070.57","1,076.88","1,076.88","1,063.26","","-0.26%"
"09/28/2025","1,073.31","1,081.61","1,073.31","1,073.31","","0.00%"
"09/26/2025","1,073.31","1,081.61","1,081.61","1,065.73","","-0.60%"
"09/25/2025","1,079.74","1,087.99","1,089.56","1,077.08","","-0.52%"
"09/24/2025","1,085.42","1,084.30","1,086.45","1,072.51","","0.59%"
"09/23/2025","1,079.00","1,083.14","1,087.10","1,077.98","","0.12%"
"09/22/2025","1,077.72","1,080.63","1,083.99","1,072.39","","-0.31%"
"09/19/2025","1,081.11","1,080.53","1,083.70","1,076.58","","0.32%"
"09/18/2025","1,077.65","1,085.98","1,086.07","1,071.18","","-0.58%"
"09/17/2025","1,083.97","1,081.92","1,085.41","1,073.47","","0.26%"
"09/16/2025","1,081.20","1,080.54","1,086.19","1,079.23","","-0.24%"
"09/15/2025","1,083.85","1,079.02","1,086.03","1,076.90","","0.69%"
"09/12/2025","1,076.45","1,081.65","1,083.28","1,070.94","","-0.33%"
"09/11/2025","1,080.05","1,089.86","1,092.26","1,077.70","","-0.72%"
"09/10/2025","1,087.89","1,094.48","1,095.51","1,086.89","","-0.32%"
"09/09/2025","1,091.35","1,098.00","1,103.99","1,090.35","","-0.34%"
"09/08/2025","1,095.10","1,102.73","1,105.84","1,090.39","","-0.32%"
"09/07/2025","1,098.63","1,102.48","1,098.63","1,098.63","","0.00%"
"09/05/2025","1,098.63","1,102.48","1,103.32","1,088.53","","-0.04%"
"09/04/2025","1,099.08","1,112.40","1,112.67","1,098.62","","-0.96%"
"09/03/2025","1,109.73","1,104.78","1,113.51","1,104.10","","0.73%"
"09/02/2025","1,101.73","1,119.10","1,120.38","1,099.17","","-0.59%"
"09/01/2025","1,108.29","1,103.17","1,117.04","1,098.97","","1.23%"
"08/29/2025","1,094.85","1,103.60","1,104.65","1,086.54","","-0.97%"
"08/28/2025","1,105.53","1,113.37","1,113.37","1,096.13","","-1.07%"
"08/27/2025","1,117.45","1,120.82","1,131.53","1,113.39","","-0.36%"
"08/26/2025","1,121.51","1,121.53","1,134.01","1,117.36","","-0.11%"
"08/25/2025","1,122.70","1,131.08","1,136.42","1,120.64","","-0.41%"
"08/22/2025","1,127.27","1,128.39","1,130.36","1,115.56","","-0.07%"
"08/21/2025","1,128.04","1,133.62","1,134.24","1,122.26","","-0.12%"
"08/20/2025","1,129.38","1,148.98","1,152.38","1,128.31","","-1.43%"
"08/19/2025","1,145.77","1,126.60","1,146.87","1,124.43","","1.93%"
"08/18/2025","1,124.10","1,139.03","1,139.78","1,120.69","","-0.22%"
"08/15/2025","1,126.61","1,116.84","1,129.92","1,111.67","","0.49%"
"08/14/2025","1,121.14","1,117.46","1,125.18","1,104.79","","0.37%"
"08/13/2025","1,116.96","1,125.43","1,125.99","1,115.75","","-0.71%"
"08/12/2025","1,124.94","1,132.41","1,146.14","1,122.32","","-1.23%"
"08/11/2025","1,138.91","1,134.47","1,165.07","1,134.24","","0.69%"
"08/08/2025","1,131.11","1,133.24","1,139.40","1,124.19","","-0.37%"
"08/07/2025","1,135.27","1,138.35","1,143.17","1,125.91","","-0.77%"
"08/06/2025","1,144.05","1,129.78","1,154.52","1,122.49","","2.17%"
"08/05/2025","1,119.74","1,126.39","1,130.99","1,117.22","","-0.61%"
"08/04/2025","1,126.64","1,135.81","1,139.49","1,122.26","","-0.58%"
"08/01/2025","1,133.23","1,145.73","1,146.35","1,127.64","","-0.73%"
"07/31/2025","1,141.59","1,136.12","1,166.60","1,125.97","","0.76%"
"07/30/2025","1,133.03","1,125.82","1,147.72","1,124.39","","0.65%"
"07/29/2025","1,125.69","1,131.93","1,142.08","1,122.25","","-0.18%"
"07/28/2025","1,127.76","1,118.39","1,132.66","1,114.45","","0.70%"
"07/25/2025","1,119.97","1,119.13","1,122.05","1,112.34","","0.04%"
"07/24/2025","1,119.57","1,122.31","1,126.83","1,116.67","","-0.43%"
"07/23/2025","1,124.44","1,121.97","1,129.80","1,115.07","","0.24%"
"07/22/2025","1,121.75","1,137.30","1,137.30","1,120.38","","-1.16%"
"07/21/2025","1,134.90","1,150.35","1,153.59","1,132.19","","-0.89%"
"07/18/2025","1,145.09","1,137.34","1,151.46","1,137.34","","0.59%"
"07/17/2025","1,138.38","1,157.54","1,157.54","1,131.62","","-2.14%"
"07/16/2025","1,163.24","1,148.03","1,164.73","1,144.22","","1.35%"
"07/15/2025","1,147.75","1,154.39","1,174.13","1,143.05","","-0.21%"
"07/14/2025","1,150.11","1,148.95","1,161.66","1,144.30","","0.25%"
"07/11/2025","1,147.29","1,140.68","1,153.92","1,131.43","","0.87%"
"07/10/2025","1,137.34","1,144.50","1,148.38","1,134.84","","-0.58%"
"07/09/2025","1,143.93","1,148.57","1,151.48","1,141.43","","-0.43%"
"07/08/2025","1,148.83","1,143.49","1,151.56","1,142.14","","0.28%"
"07/07/2025","1,145.66","1,150.40","1,152.82","1,139.73","","-0.12%"
"07/04/2025","1,147.00","1,137.22","1,151.98","1,135.57","","0.87%"
"07/03/2025","1,137.14","1,140.14","1,156.21","1,132.98","","-0.13%"
"07/02/2025","1,138.65","1,124.61","1,149.74","1,123.13","","1.49%"
"07/01/2025","1,121.96","1,119.89","1,130.68","1,109.87","","0.38%"
"06/30/2025","1,117.74","1,120.07","1,122.27","1,108.58","","0.31%"
"06/27/2025","1,114.29","1,128.64","1,132.23","1,111.29","","-0.79%"
"06/26/2025","1,123.12","1,139.07","1,139.07","1,119.51","","-1.26%"
"06/25/2025","1,137.49","1,146.63","1,148.08","1,129.33","","-0.49%"
"06/24/2025","1,143.04","1,150.29","1,153.94","1,134.21","","-0.04%"
"06/23/2025","1,143.48","1,149.79","1,155.85","1,120.79","","-1.21%"
"06/20/2025","1,157.45","1,157.45","1,157.45","1,157.45","","0.00%"
"06/19/2025","1,157.45","1,162.16","1,162.83","1,142.83","","-0.10%"
"06/18/2025","1,158.64","1,157.50","1,163.09","1,132.85","","-0.21%"
"06/17/2025","1,161.07","1,182.68","1,182.68","1,155.01","","-2.14%"
"06/16/2025","1,186.48","1,210.09","1,219.96","1,158.62","","-1.37%"
"06/13/2025","1,202.94","1,201.35","1,240.20","1,175.65","","0.03%"
"06/12/2025","1,202.58","1,206.81","1,221.21","1,180.02","","-0.16%"
"06/11/2025","1,204.47","1,259.83","1,274.12","1,203.72","","-2.93%"
"06/10/2025","1,240.79","1,244.10","1,249.33","1,237.08","","-0.03%"
"06/09/2025","1,241.15","1,230.72","1,242.21","1,230.50","","1.11%"
"06/07/2025","1,227.56","1,205.62","1,227.56","1,227.56","","0.00%"
"06/06/2025","1,227.56","1,205.62","1,228.82","1,204.10","","1.45%"
"06/05/2025","1,210.00","1,223.96","1,225.89","1,198.44","","-1.19%"
"06/04/2025","1,224.53","1,211.67","1,226.46","1,211.67","","0.82%"
"06/03/2025","1,214.58","1,223.75","1,227.65","1,212.27","","-1.84%"
"06/02/2025","1,237.32","1,252.14","1,257.51","1,230.89","","-0.72%"
"05/30/2025","1,246.30","1,250.76","1,266.36","1,246.30","","0.47%"
"05/29/2025","1,240.50","1,240.50","1,240.50","1,240.50","","0.00%"
"05/28/2025","1,240.50","1,249.86","1,252.13","1,238.58","","-1.20%"
"05/27/2025","1,255.57","1,245.78","1,258.92","1,245.73","","1.03%"
"05/26/2025","1,242.74","1,228.08","1,250.86","1,228.08","","1.59%"
"05/23/2025","1,223.26","1,239.90","1,244.61","1,218.43","","-1.20%"
"05/22/2025","1,238.06","1,240.43","1,241.88","1,233.87","","0.00%"
"05/21/2025","1,238.02","1,234.41","1,241.20","1,231.72","","0.51%"
"05/20/2025","1,231.78","1,221.91","1,235.20","1,220.51","","0.91%"
"05/19/2025","1,220.63","1,218.10","1,228.50","1,214.91","","0.27%"
"05/16/2025","1,217.37","1,216.98","1,220.32","1,211.44","","0.18%"
"05/15/2025","1,215.23","1,214.17","1,226.53","1,209.98","","0.40%"
"05/14/2025","1,210.35","1,222.61","1,224.97","1,207.47","","-0.83%"
"05/13/2025","1,220.45","1,216.39","1,229.04","1,216.39","","0.09%"
"05/12/2025","1,219.36","1,223.03","1,227.84","1,212.47","","0.22%"
"05/09/2025","1,216.66","1,211.69","1,221.53","1,208.81","","0.38%"
"05/08/2025","1,212.08","1,210.01","1,216.95","1,207.76","","0.35%"
"05/07/2025","1,207.86","1,217.72","1,220.62","1,205.65","","-0.32%"
"05/06/2025","1,211.79","1,220.68","1,225.65","1,208.19","","-0.67%"
"05/05/2025","1,219.93","1,244.32","1,245.03","1,214.58","","-1.45%"
"05/02/2025","1,237.89","1,224.26","1,241.94","1,224.26","","1.34%"
"05/01/2025","1,221.55","1,221.55","1,221.55","1,221.55","","0.00%"
"04/30/2025","1,221.55","1,237.77","1,239.37","1,214.07","","-1.48%"
"04/29/2025","1,239.84","1,323.37","1,323.80","1,214.27","","-6.01%"
"04/28/2025","1,319.05","1,315.71","1,321.40","1,310.29","","0.22%"
"04/25/2025","1,316.17","1,308.90","1,316.91","1,298.81","","0.66%"
"04/24/2025","1,307.49","1,320.38","1,320.58","1,303.54","","-1.14%"
"04/23/2025","1,322.55","1,322.61","1,331.61","1,317.50","","0.57%"
"04/22/2025","1,315.07","1,311.32","1,315.32","1,304.40","","0.25%"
"04/17/2025","1,311.77","1,311.99","1,319.22","1,299.72","","0.01%"
"04/16/2025","1,311.68","1,344.73","1,344.73","1,307.20","","-2.63%"
"04/15/2025","1,347.12","1,369.39","1,371.13","1,344.06","","-0.06%"
"04/14/2025","1,347.89","1,324.06","1,348.49","1,318.14","","2.96%"
"04/11/2025","1,309.20","1,316.92","1,319.98","1,299.48","","-0.15%"
"04/10/2025","1,311.17","1,322.55","1,344.70","1,307.09","","3.59%"
"04/09/2025","1,265.77","1,280.50","1,280.50","1,248.07","","-2.99%"
"04/08/2025","1,304.80","1,262.83","1,317.60","1,262.83","","4.28%"
"04/07/2025","1,251.24","1,243.24","1,255.92","1,188.22","","-2.18%"
"04/04/2025","1,279.07","1,328.17","1,341.94","1,269.03","","-3.60%"
"04/03/2025","1,326.82","1,352.56","1,352.56","1,324.91","","-2.72%"
"04/02/2025","1,363.85","1,380.25","1,381.74","1,362.50","","-0.67%"
"04/01/2025","1,373.08","1,406.42","1,416.36","1,373.08","","-2.21%"
"03/31/2025","1,404.09","1,407.67","1,411.43","1,395.23","","-0.08%"
"03/28/2025","1,405.23","1,425.02","1,427.71","1,396.53","","-1.52%"
"03/27/2025","1,426.90","1,418.79","1,430.06","1,416.79","","0.75%"
"03/26/2025","1,416.27","1,424.19","1,428.84","1,415.33","","-0.33%"
"03/25/2025","1,421.02","1,432.02","1,432.81","1,417.60","","-0.81%"
"03/24/2025","1,432.59","1,434.47","1,441.39","1,429.77","","0.41%"
"03/21/2025","1,426.69","1,437.11","1,439.20","1,418.77","","0.89%"
"03/20/2025","1,414.10","1,408.27","1,428.10","1,401.40","","0.39%"
"03/19/2025","1,408.63","1,408.93","1,411.98","1,400.02","","-0.02%"
"03/18/2025","1,408.89","1,379.19","1,410.01","1,379.19","","2.80%"
"03/17/2025","1,370.55","1,354.34","1,371.22","1,353.76","","1.44%"
"03/14/2025","1,351.04","1,328.53","1,354.89","1,327.24","","1.48%"
"03/13/2025","1,331.32","1,330.52","1,331.32","1,323.16","","0.11%"
"03/12/2025","1,329.91","1,333.17","1,339.52","1,327.73","","-0.19%"
"03/11/2025","1,332.40","1,339.94","1,343.79","1,331.28","","-0.25%"
"03/10/2025","1,335.78","1,339.07","1,346.47","1,334.83","","0.65%"
"03/07/2025","1,327.10","1,326.17","1,334.01","1,320.79","","-0.20%"
"03/06/2025","1,329.81","1,336.00","1,338.64","1,319.65","","-0.58%"
"03/05/2025","1,337.59","1,330.44","1,348.15","1,330.44","","0.55%"
"03/04/2025","1,330.33","1,350.77","1,354.67","1,327.20","","-1.43%"
"03/03/2025","1,349.63","1,343.72","1,359.04","1,341.56","","0.40%"
"02/28/2025","1,344.20","1,369.38","1,369.38","1,339.07","","-1.58%"
"02/27/2025","1,365.71","1,380.24","1,381.96","1,358.30","","-0.66%"
"02/26/2025","1,374.77","1,369.17","1,383.18","1,364.80","","0.36%"
"02/25/2025","1,369.80","1,369.08","1,377.24","1,365.64","","-0.24%"
"02/24/2025","1,373.11","1,375.43","1,379.11","1,370.64","","0.11%"
"02/21/2025","1,371.57","1,373.44","1,376.22","1,368.24","","-0.11%"
"02/20/2025","1,373.10","1,368.67","1,377.87","1,363.60","","0.42%"
"02/19/2025","1,367.36","1,379.47","1,381.20","1,366.27","","-0.77%"
"02/18/2025","1,377.96","1,380.14","1,387.68","1,371.30","","-0.14%"
"02/17/2025","1,379.85","1,359.83","1,380.16","1,359.83","","1.83%"
"02/14/2025","1,355.06","1,351.95","1,361.78","1,348.76","","0.52%"
"02/13/2025","1,348.06","1,335.91","1,350.79","1,335.91","","1.19%"
"02/12/2025","1,332.17","1,337.33","1,341.32","1,325.18","","-0.19%"
"02/11/2025","1,334.76","1,342.12","1,342.12","1,332.79","","-0.66%"
"02/10/2025","1,343.61","1,348.47","1,353.65","1,340.14","","0.10%"
"02/07/2025","1,342.22","1,355.36","1,356.82","1,340.03","","-0.47%"
"02/06/2025","1,348.54","1,332.72","1,349.74","1,326.97","","1.74%"
"02/05/2025","1,325.46","1,345.91","1,349.23","1,323.73","","-1.18%"
"02/04/2025","1,341.32","1,329.52","1,341.32","1,328.91","","0.76%"
"02/03/2025","1,331.21","1,342.46","1,342.46","1,323.64","","-1.31%"
"01/31/2025","1,348.93","1,351.00","1,353.18","1,340.52","","0.12%"
"01/30/2025","1,347.35","1,345.24","1,354.18","1,344.66","","0.09%"
"01/29/2025","1,346.11","1,337.23","1,347.11","1,336.78","","0.68%"
"01/28/2025","1,337.06","1,333.80","1,344.10","1,328.06","","0.66%"
"01/27/2025","1,328.30","1,358.70","1,360.32","1,328.30","","-2.18%"
"01/24/2025","1,357.94","1,342.69","1,360.26","1,340.87","","1.12%"
"01/23/2025","1,342.85","1,336.41","1,348.73","1,329.89","","0.61%"
"01/22/2025","1,334.70","1,341.96","1,350.31","1,334.70","","-0.76%"
"01/21/2025","1,344.94","1,347.02","1,349.41","1,332.24","","-0.07%"
"01/20/2025","1,345.91","1,359.50","1,359.66","1,345.20","","-1.35%"
"01/17/2025","1,364.30","1,356.15","1,365.94","1,352.63","","0.52%"
"01/16/2025","1,357.23","1,349.62","1,361.08","1,347.53","","0.44%"
"01/15/2025","1,351.22","1,335.35","1,352.52","1,331.01","","1.58%"
"01/14/2025","1,330.18","1,316.49","1,333.48","1,315.23","","1.07%"
"01/13/2025","1,316.06","1,325.79","1,325.79","1,311.29","","-0.91%"
"01/10/2025","1,328.10","1,328.56","1,334.29","1,324.15","","0.01%"
"01/09/2025","1,327.95","1,339.57","1,339.86","1,325.08","","-0.87%"
"01/08/2025","1,339.65","1,360.28","1,360.28","1,338.44","","-1.39%"
"01/07/2025","1,358.49","1,365.07","1,368.29","1,357.86","","-0.31%"
"01/03/2025","1,362.77","1,379.94","1,382.48","1,361.40","","-0.78%"
"01/02/2025","1,373.45","1,354.46","1,383.39","1,354.46","","1.88%"
"12/30/2024","1,348.04","1,327.65","1,348.04","1,323.57","","2.21%"
"12/27/2024","1,318.88","1,297.44","1,321.77","1,296.35","","1.63%"
"12/23/2024","1,297.75","1,294.78","1,301.41","1,288.80","","-0.06%"
"12/20/2024","1,298.55","1,302.08","1,302.69","1,278.92","","-0.10%"
"12/19/2024","1,299.91","1,305.05","1,307.66","1,293.27","","-0.45%"
"12/18/2024","1,305.79","1,305.84","1,319.61","1,305.15","","-0.06%"
"12/17/2024","1,306.56","1,315.67","1,322.25","1,299.15","","-0.68%"
"12/16/2024","1,315.45","1,328.46","1,332.26","1,308.68","","-1.09%"
"12/13/2024","1,329.97","1,335.40","1,336.08","1,318.32","","-0.45%"
"12/12/2024","1,336.00","1,340.77","1,347.28","1,327.51","","-0.34%"
"12/11/2024","1,340.53","1,351.39","1,351.39","1,335.28","","-1.09%"
"12/10/2024","1,355.34","1,362.12","1,365.10","1,349.59","","-0.12%"
"12/09/2024","1,356.92","1,355.31","1,368.05","1,352.33","","0.62%"
"12/06/2024","1,348.55","1,348.55","1,348.55","1,348.55","","0.00%"
"12/05/2024","1,348.55","1,351.53","1,358.03","1,344.36","","-0.12%"
"12/04/2024","1,350.11","1,343.66","1,354.33","1,343.30","","0.93%"
"12/03/2024","1,337.68","1,338.50","1,348.81","1,334.22","","-0.13%"
"12/02/2024","1,339.37","1,318.97","1,339.37","1,318.97","","0.99%"
"11/29/2024","1,326.19","1,322.75","1,329.59","1,322.35","","0.49%"
"11/28/2024","1,319.75","1,328.59","1,328.59","1,308.36","","-0.41%"
"11/27/2024","1,325.20","1,326.09","1,328.72","1,306.98","","1.04%"
"11/26/2024","1,311.50","1,297.59","1,313.19","1,294.70","","1.08%"
"11/25/2024","1,297.46","1,283.19","1,300.00","1,283.19","","1.21%"
"11/22/2024","1,281.97","1,280.69","1,291.28","1,276.30","","0.04%"
"11/21/2024","1,281.44","1,291.05","1,295.53","1,278.65","","-0.64%"
"11/20/2024","1,289.63","1,295.33","1,299.62","1,286.21","","0.29%"
"11/19/2024","1,285.93","1,293.12","1,300.80","1,281.32","","-0.20%"
"11/18/2024","1,288.52","1,299.62","1,304.62","1,286.68","","-0.71%"
"11/15/2024","1,297.75","1,302.99","1,306.11","1,293.13","","-0.43%"
"11/14/2024","1,303.35","1,303.52","1,306.99","1,297.03","","0.45%"
"11/13/2024","1,297.50","1,295.76","1,303.59","1,293.50","","-0.13%"
"11/12/2024","1,299.22","1,313.51","1,314.18","1,296.63","","-0.95%"
"11/11/2024","1,311.74","1,320.50","1,336.13","1,311.74","","-0.83%"
"11/08/2024","1,322.74","1,323.36","1,329.29","1,314.23","","0.36%"
"11/07/2024","1,317.97","1,311.94","1,324.14","1,309.18","","0.39%"
"11/06/2024","1,312.90","1,335.66","1,343.97","1,307.34","","-1.45%"
"11/05/2024","1,332.17","1,338.52","1,343.02","1,332.17","","-0.74%"
"11/04/2024","1,342.06","1,367.92","1,368.58","1,339.33","","-1.30%"
"11/01/2024","1,359.76","1,359.67","1,374.20","1,359.67","","0.12%"
"10/31/2024","1,358.10","1,371.00","1,376.83","1,356.71","","-1.14%"
"10/30/2024","1,373.82","1,390.76","1,395.25","1,371.50","","-1.01%"
"10/29/2024","1,387.80","1,398.12","1,399.11","1,383.83","","-0.77%"
"10/28/2024","1,398.59","1,388.51","1,400.16","1,385.29","","0.86%"
"10/25/2024","1,386.69","1,380.95","1,390.98","1,377.20","","0.52%"
"10/24/2024","1,379.45","1,390.48","1,398.32","1,379.45","","-0.77%"
"10/23/2024","1,390.14","1,402.26","1,402.26","1,387.60","","-1.36%"
"10/22/2024","1,409.32","1,415.94","1,427.33","1,400.54","","-1.57%"
"10/21/2024","1,431.87","1,449.16","1,449.51","1,428.61","","-1.04%"
"10/18/2024","1,446.96","1,450.27","1,460.01","1,440.85","","-0.24%"
"10/17/2024","1,450.45","1,451.19","1,459.09","1,442.48","","0.18%"
"10/16/2024","1,447.82","1,446.69","1,450.54","1,441.87","","-0.34%"
"10/15/2024","1,452.70","1,461.90","1,465.02","1,451.84","","-0.50%"
"10/14/2024","1,459.95","1,465.77","1,469.28","1,453.83","","-0.18%"
"10/11/2024","1,462.57","1,470.86","1,473.76","1,460.72","","-0.43%"
"10/10/2024","1,468.91","1,462.76","1,471.61","1,460.33","","0.51%"
"10/09/2024","1,461.48","1,461.79","1,472.74","1,457.61","","-0.01%"
"10/08/2024","1,461.56","1,468.09","1,468.09","1,452.21","","-0.61%"
"10/07/2024","1,470.57","1,470.18","1,476.17","1,461.32","","0.31%"
"10/04/2024","1,466.04","1,464.39","1,478.46","1,459.06","","0.08%"
"10/03/2024","1,464.94","1,466.18","1,469.73","1,460.71","","-0.05%"
"10/02/2024","1,465.73","1,464.83","1,473.77","1,459.96","","-0.31%"
"10/01/2024","1,470.31","1,472.81","1,481.16","1,464.71","","0.11%"
"09/30/2024","1,468.72","1,479.57","1,488.66","1,468.72","","-0.90%"
"09/27/2024","1,482.06","1,479.20","1,484.04","1,472.34","","0.15%"
"09/26/2024","1,479.80","1,481.18","1,483.11","1,472.94","","-0.18%"
"09/25/2024","1,482.43","1,480.92","1,484.08","1,476.36","","0.06%"
"09/24/2024","1,481.58","1,479.95","1,484.56","1,473.55","","0.16%"
"09/23/2024","1,479.17","1,494.07","1,494.07","1,474.69","","-0.33%"
"09/20/2024","1,484.05","1,497.06","1,497.07","1,481.11","","-1.11%"
"09/19/2024","1,500.64","1,484.92","1,500.64","1,481.19","","1.01%"
"09/18/2024","1,485.61","1,496.17","1,505.30","1,484.24","","-0.92%"
"09/17/2024","1,499.37","1,496.40","1,501.20","1,485.20","","0.14%"
"09/16/2024","1,497.26","1,524.09","1,534.64","1,492.60","","-2.11%"
"09/13/2024","1,529.60","1,524.76","1,534.17","1,519.32","","0.27%"
"09/12/2024","1,525.45","1,531.84","1,538.93","1,520.97","","-0.22%"
"09/11/2024","1,528.86","1,538.24","1,538.96","1,520.82","","-0.62%"
"09/10/2024","1,538.35","1,555.14","1,556.58","1,533.86","","-0.88%"
"09/09/2024","1,552.06","1,556.20","1,569.77","1,551.94","","-0.17%"
"09/06/2024","1,554.78","1,557.67","1,559.67","1,546.16","","0.04%"
"09/05/2024","1,554.14","1,559.02","1,564.53","1,542.41","","0.04%"
"09/04/2024","1,553.54","1,549.31","1,563.41","1,548.56","","-0.11%"
"09/03/2024","1,555.30","1,572.16","1,575.59","1,554.23","","-0.70%"
"09/02/2024","1,566.23","1,559.09","1,570.67","1,557.27","","0.99%"
"08/30/2024","1,550.88","1,555.85","1,563.52","1,550.88","","-0.57%"
"08/29/2024","1,559.78","1,551.46","1,566.25","1,551.45","","0.74%"
"08/28/2024","1,548.29","1,573.94","1,584.80","1,542.93","","-1.14%"
"08/27/2024","1,566.07","1,540.60","1,568.06","1,540.60","","2.32%"
"08/26/2024","1,530.63","1,524.92","1,536.62","1,524.07","","1.36%"
"08/23/2024","1,510.07","1,508.96","1,514.67","1,502.97","","0.13%"
"08/22/2024","1,508.06","1,515.79","1,515.79","1,501.59","","-0.37%"
"08/21/2024","1,513.62","1,507.79","1,519.37","1,507.38","","0.63%"
"08/20/2024","1,504.20","1,509.05","1,521.57","1,498.56","","1.16%"
"08/19/2024","1,486.98","1,503.78","1,509.52","1,483.67","","-0.72%"
"08/16/2024","1,497.70","1,517.31","1,521.11","1,495.48","","-1.39%"
"08/15/2024","1,518.78","1,512.02","1,518.78","1,505.56","","0.57%"
"08/14/2024","1,510.21","1,500.40","1,513.42","1,500.40","","0.53%"
"08/13/2024","1,502.32","1,497.61","1,510.07","1,496.02","","0.77%"
"08/12/2024","1,490.77","1,495.96","1,501.37","1,487.79","","0.17%"
"08/09/2024","1,488.23","1,485.49","1,498.49","1,479.57","","-0.03%"
"08/08/2024","1,488.75","1,471.05","1,488.75","1,465.73","","0.94%"
"08/07/2024","1,474.91","1,467.37","1,485.80","1,467.37","","1.30%"
"08/06/2024","1,455.98","1,430.72","1,462.24","1,430.72","","2.47%"
"08/05/2024","1,420.84","1,432.07","1,432.07","1,402.38","","-3.00%"
"08/02/2024","1,464.82","1,488.07","1,488.07","1,459.08","","-1.41%"
"08/01/2024","1,485.77","1,486.89","1,491.03","1,475.67","","0.20%"
"07/31/2024","1,482.75","1,480.68","1,489.89","1,477.00","","0.61%"
"07/30/2024","1,473.70","1,455.82","1,476.58","1,454.63","","1.26%"
"07/29/2024","1,455.39","1,452.26","1,462.11","1,450.06","","-0.12%"
"07/26/2024","1,457.11","1,447.65","1,461.31","1,445.24","","0.59%"
"07/25/2024","1,448.60","1,452.09","1,456.71","1,435.46","","-0.25%"
"07/24/2024","1,452.20","1,458.32","1,459.31","1,449.06","","-0.58%"
"07/23/2024","1,460.60","1,460.07","1,465.97","1,451.48","","0.04%"
"07/22/2024","1,459.98","1,444.22","1,462.43","1,442.71","","1.24%"
"07/19/2024","1,442.09","1,446.96","1,450.66","1,434.04","","-0.36%"
"07/18/2024","1,447.27","1,446.46","1,450.48","1,437.98","","-0.03%"
"07/17/2024","1,447.76","1,457.23","1,460.13","1,444.70","","-0.75%"
"07/16/2024","1,458.65","1,455.36","1,460.73","1,450.31","","0.12%"
"07/15/2024","1,456.97","1,482.08","1,491.47","1,454.64","","-1.64%"
"07/12/2024","1,481.22","1,463.56","1,483.34","1,441.98","","1.56%"
"07/11/2024","1,458.41","1,455.73","1,462.81","1,447.08","","0.65%"
"07/10/2024","1,449.03","1,431.80","1,449.99","1,424.50","","1.04%"
"07/09/2024","1,434.17","1,438.85","1,442.10","1,429.68","","0.38%"
"07/08/2024","1,428.71","1,430.58","1,431.94","1,421.06","","-0.16%"
"07/05/2024","1,431.07","1,425.91","1,433.14","1,422.96","","0.41%"
"07/04/2024","1,425.22","1,426.10","1,430.51","1,415.90","","0.13%"
"07/03/2024","1,423.43","1,418.98","1,425.88","1,416.15","","0.04%"
"07/02/2024","1,422.86","1,432.31","1,434.81","1,420.12","","-0.50%"
"07/01/2024","1,430.01","1,441.38","1,450.83","1,428.26","","-0.97%"
"06/28/2024","1,444.05","1,438.70","1,449.13","1,428.51","","1.02%"
"06/27/2024","1,429.43","1,425.01","1,434.40","1,418.34","","0.37%"
"06/26/2024","1,424.23","1,420.44","1,425.80","1,412.10","","0.46%"
"06/25/2024","1,417.64","1,420.88","1,422.72","1,411.07","","-0.25%"
"06/24/2024","1,421.26","1,413.64","1,431.38","1,404.55","","0.06%"
"06/21/2024","1,420.41","1,420.41","1,420.41","1,420.41","","0.00%"
"06/20/2024","1,420.41","1,411.28","1,422.41","1,407.38","","0.91%"
"06/19/2024","1,407.56","1,422.72","1,426.82","1,405.71","","-0.83%"
"06/18/2024","1,419.30","1,432.12","1,434.07","1,411.18","","-0.91%"
"06/17/2024","1,432.35","1,444.74","1,449.17","1,419.17","","-0.49%"
"06/15/2024","1,439.39","1,445.74","1,439.39","1,439.39","","0.00%"
"06/14/2024","1,439.39","1,445.74","1,457.67","1,437.54","","-0.76%"
"06/13/2024","1,450.44","1,457.19","1,463.94","1,438.42","","-0.25%"
"06/12/2024","1,454.11","1,459.44","1,463.10","1,434.29","","-0.29%"
"06/11/2024","1,458.28","1,465.63","1,471.71","1,456.00","","-0.48%"
"06/10/2024","1,465.26","1,478.68","1,483.38","1,459.59","","0.20%"
"06/07/2024","1,462.37","1,459.45","1,472.88","1,457.78","","0.66%"
"06/06/2024","1,452.74","1,456.38","1,462.69","1,448.62","","0.10%"
"06/05/2024","1,451.35","1,437.49","1,452.39","1,437.49","","1.38%"
"06/04/2024","1,431.58","1,459.93","1,459.93","1,414.53","","-2.24%"
"06/03/2024","1,464.40","1,465.20","1,470.93","1,451.79","","0.23%"
"05/31/2024","1,461.07","1,430.64","1,461.07","1,430.64","","2.44%"
"05/30/2024","1,426.27","1,439.99","1,449.11","1,420.09","","-1.15%"
"05/29/2024","1,442.79","1,450.56","1,464.59","1,441.97","","-0.38%"
"05/28/2024","1,448.34","1,459.80","1,469.26","1,448.34","","-0.48%"
"05/27/2024","1,455.28","1,443.08","1,461.48","1,443.08","","1.16%"
"05/24/2024","1,438.63","1,428.60","1,443.63","1,425.65","","1.21%"
"05/23/2024","1,421.49","1,422.24","1,433.42","1,421.49","","0.34%"
"05/22/2024","1,416.63","1,411.32","1,421.53","1,410.99","","0.59%"
"05/21/2024","1,408.32","1,408.63","1,411.50","1,397.33","","0.29%"
"05/20/2024","1,404.29","1,397.90","1,416.52","1,397.90","","1.34%"
"05/17/2024","1,385.72","1,394.66","1,405.80","1,383.83","","-0.16%"
"05/16/2024","1,387.99","1,395.38","1,411.01","1,380.35","","0.04%"
"05/15/2024","1,387.41","1,366.21","1,387.62","1,361.37","","2.00%"
"05/14/2024","1,360.26","1,339.27","1,360.26","1,335.25","","2.37%"
"05/13/2024","1,328.82","1,334.64","1,355.56","1,328.82","","-0.07%"
"05/10/2024","1,329.69","1,309.34","1,335.29","1,308.38","","2.03%"
"05/08/2024","1,303.18","1,304.29","1,312.04","1,301.23","","-0.01%"
"05/07/2024","1,303.37","1,297.39","1,305.48","1,295.67","","0.64%"
"05/06/2024","1,295.03","1,292.83","1,303.16","1,289.67","","0.41%"
"05/03/2024","1,289.80","1,273.41","1,289.80","1,269.70","","1.47%"
"05/02/2024","1,271.17","1,276.16","1,281.61","1,262.97","","0.26%"
"05/01/2024","1,267.93","1,267.93","1,267.93","1,267.93","","0.00%"
"04/30/2024","1,267.93","1,275.50","1,285.44","1,264.96","","-0.24%"
"04/29/2024","1,271.02","1,246.01","1,271.02","1,246.01","","2.69%"
"04/26/2024","1,237.72","1,215.86","1,238.64","1,215.34","","2.07%"
"04/25/2024","1,212.65","1,259.42","1,259.42","1,206.56","","-3.69%"
"04/24/2024","1,259.13","1,244.49","1,262.11","1,244.49","","1.42%"
"04/23/2024","1,241.53","1,250.99","1,253.69","1,239.95","","-0.52%"
"04/22/2024","1,248.05","1,251.82","1,255.55","1,239.73","","0.22%"
"04/19/2024","1,245.31","1,259.91","1,266.98","1,245.31","","-1.33%"
"04/18/2024","1,262.10","1,275.03","1,280.94","1,261.11","","-1.39%"
"04/17/2024","1,279.86","1,284.80","1,293.14","1,273.04","","-0.32%"
"04/16/2024","1,283.99","1,299.52","1,299.52","1,282.20","","-1.07%"
"04/15/2024","1,297.91","1,307.83","1,314.69","1,297.22","","-0.81%"
"04/12/2024","1,308.52","1,316.56","1,323.89","1,308.52","","-0.14%"
"04/11/2024","1,310.40","1,321.30","1,321.81","1,304.92","","-0.63%"
"04/10/2024","1,318.66","1,315.89","1,327.78","1,314.27","","0.39%"
"04/09/2024","1,313.50","1,324.12","1,324.28","1,312.62","","0.02%"
"04/08/2024","1,313.23","1,310.54","1,320.16","1,301.53","","0.87%"
"04/05/2024","1,301.90","1,309.31","1,318.41","1,292.97","","-0.28%"
"04/04/2024","1,305.62","1,287.02","1,309.80","1,287.01","","2.02%"
"04/03/2024","1,279.71","1,287.03","1,293.29","1,277.91","","-0.27%"
"04/02/2024","1,283.19","1,300.07","1,309.16","1,282.74","","-1.09%"
"03/28/2024","1,297.27","1,294.26","1,300.31","1,283.95","","0.51%"
"03/27/2024","1,290.64","1,283.93","1,296.70","1,277.72","","0.96%"
"03/26/2024","1,278.36","1,269.37","1,282.13","1,263.40","","1.28%"
"03/25/2024","1,262.16","1,255.31","1,276.28","1,252.06","","0.28%"
"03/22/2024","1,258.59","1,270.61","1,272.88","1,241.51","","-0.70%"
"03/21/2024","1,267.44","1,289.96","1,289.96","1,264.41","","-1.07%"
"03/20/2024","1,281.21","1,293.00","1,294.57","1,281.21","","-1.10%"
"03/19/2024","1,295.47","1,307.60","1,314.36","1,285.97","","-0.59%"
"03/18/2024","1,303.13","1,303.27","1,315.06","1,302.22","","0.54%"
"03/15/2024","1,296.17","1,297.72","1,308.73","1,293.05","","-0.44%"
"03/14/2024","1,301.86","1,319.49","1,323.58","1,301.79","","-1.53%"
"03/13/2024","1,322.10","1,316.82","1,330.39","1,307.39","","0.61%"
"03/12/2024","1,314.07","1,292.74","1,318.91","1,292.74","","1.63%"
"03/11/2024","1,292.99","1,322.29","1,322.29","1,291.87","","-2.35%"
"03/08/2024","1,324.15","1,326.42","1,327.48","1,316.15","","0.63%"
"03/07/2024","1,315.85","1,288.63","1,328.69","1,287.02","","1.89%"
"03/06/2024","1,291.40","1,303.48","1,306.59","1,281.00","","-1.27%"
"03/05/2024","1,307.95","1,327.27","1,336.86","1,305.94","","-1.99%"
"03/04/2024","1,334.51","1,362.94","1,362.94","1,316.60","","-1.71%"
"03/01/2024","1,357.79","1,365.80","1,368.29","1,351.67","","-0.30%"
"02/29/2024","1,361.81","1,366.64","1,366.64","1,361.81","","-0.35%"
"02/28/2024","1,366.64","1,367.42","1,372.36","1,359.49","","-0.04%"
"02/27/2024","1,367.22","1,381.84","1,385.03","1,361.35","","-1.02%"
"02/26/2024","1,381.32","1,393.16","1,395.95","1,371.53","","-0.71%"
"02/23/2024","1,391.17","1,388.41","1,398.42","1,384.34","","-0.08%"
"02/22/2024","1,392.32","1,392.58","1,406.86","1,389.61","","0.06%"
"02/21/2024","1,391.43","1,406.15","1,410.13","1,385.47","","-1.09%"
"02/20/2024","1,406.78","1,393.49","1,412.25","1,391.17","","0.96%"
"02/19/2024","1,393.36","1,426.57","1,427.44","1,390.49","","-2.21%"
"02/16/2024","1,424.79","1,439.11","1,443.48","1,422.87","","-0.01%"
"02/15/2024","1,424.97","1,416.86","1,441.94","1,413.19","","1.39%"
"02/14/2024","1,405.48","1,438.86","1,438.86","1,403.51","","-9.66%"
"02/13/2024","1,555.77","1,534.07","1,561.82","1,533.85","","1.64%"
"02/12/2024","1,530.74","1,523.69","1,535.87","1,517.50","","0.81%"
"02/09/2024","1,518.43","1,529.15","1,536.81","1,518.43","","-0.70%"
"02/08/2024","1,529.19","1,538.52","1,544.98","1,524.55","","-0.59%"
"02/07/2024","1,538.22","1,536.06","1,545.37","1,532.45","","0.16%"
"02/06/2024","1,535.78","1,554.52","1,560.66","1,534.39","","-1.21%"
"02/05/2024","1,554.52","1,568.63","1,568.63","1,550.44","","-0.31%"
"02/02/2024","1,559.40","1,558.74","1,572.94","1,558.15","","0.42%"
"02/01/2024","1,552.94","1,582.00","1,583.40","1,548.21","","-1.19%"
"01/31/2024","1,571.67","1,575.57","1,586.24","1,567.50","","1.58%"
"01/30/2024","1,547.16","1,534.74","1,565.33","1,534.74","","0.79%"
"01/29/2024","1,534.96","1,530.11","1,540.56","1,525.10","","0.44%"
"01/26/2024","1,528.19","1,507.26","1,531.89","1,501.88","","1.32%"
"01/25/2024","1,508.26","1,492.05","1,513.92","1,492.05","","0.40%"
"01/24/2024","1,502.31","1,522.30","1,522.30","1,502.26","","-0.99%"
"01/23/2024","1,517.31","1,528.71","1,532.34","1,514.18","","-0.50%"
"01/22/2024","1,524.98","1,525.38","1,534.42","1,509.90","","0.39%"
"01/19/2024","1,519.04","1,530.85","1,533.35","1,508.06","","-0.60%"
"01/18/2024","1,528.23","1,499.28","1,528.23","1,498.22","","2.35%"
"01/17/2024","1,493.13","1,508.78","1,511.03","1,489.82","","-1.46%"
"01/16/2024","1,515.20","1,516.60","1,522.04","1,511.51","","-0.84%"
"01/15/2024","1,528.09","1,556.02","1,556.25","1,526.11","","-1.16%"
"01/12/2024","1,546.01","1,530.67","1,548.60","1,530.67","","2.19%"
"01/11/2024","1,512.88","1,535.79","1,535.80","1,512.88","","-1.30%"
"01/10/2024","1,532.82","1,516.44","1,552.57","1,516.44","","-0.59%"
"01/09/2024","1,541.87","1,564.01","1,564.01","1,541.87","","-0.89%"
"01/08/2024","1,555.78","1,567.67","1,574.31","1,546.43","","-0.41%"
"01/05/2024","1,562.25","1,567.95","1,567.95","1,548.69","","-0.15%"
"01/04/2024","1,564.67","1,537.83","1,570.05","1,537.83","","1.89%"
"01/03/2024","1,535.69","1,555.55","1,555.55","1,527.21","","-0.90%"
"01/02/2024","1,549.60","1,558.83","1,572.69","1,541.90","","-0.25%"
"12/29/2023","1,553.50","1,561.92","1,565.71","1,534.26","","0.09%"
"12/28/2023","1,552.14","1,525.11","1,566.94","1,525.11","","1.97%"
"12/27/2023","1,522.16","1,500.55","1,527.35","1,495.60","","1.68%"
"12/22/2023","1,497.07","1,485.49","1,497.07","1,479.27","","0.38%"
"12/21/2023","1,491.33","1,483.66","1,491.33","1,474.52","","0.40%"
"12/20/2023","1,485.40","1,482.34","1,495.14","1,477.92","","0.68%"
"12/19/2023","1,475.34","1,462.79","1,485.18","1,462.79","","0.95%"
"12/18/2023","1,461.42","1,453.12","1,467.20","1,447.27","","0.84%"
"12/15/2023","1,449.31","1,474.16","1,485.61","1,434.51","","-1.30%"
"12/14/2023","1,468.42","1,430.95","1,477.55","1,429.38","","3.40%"
"12/13/2023","1,420.20","1,433.19","1,433.19","1,411.82","","-0.69%"
"12/12/2023","1,430.08","1,442.72","1,443.51","1,411.56","","-0.34%"
"12/11/2023","1,434.90","1,462.60","1,464.83","1,434.90","","-1.70%"
"12/08/2023","1,459.71","1,459.40","1,466.25","1,446.39","","0.30%"
"12/07/2023","1,455.30","1,434.62","1,466.32","1,434.62","","1.63%"
"12/06/2023","1,432.00","1,432.00","1,432.00","1,432.00","","0.00%"
"12/05/2023","1,432.00","1,426.58","1,440.54","1,422.72","","0.28%"
"12/04/2023","1,428.07","1,428.81","1,436.50","1,424.24","","0.16%"
"12/01/2023","1,425.76","1,435.82","1,439.78","1,418.14","","-0.24%"
"11/30/2023","1,429.24","1,421.38","1,435.09","1,419.19","","0.75%"
"11/29/2023","1,418.61","1,405.10","1,421.59","1,404.63","","0.87%"
"11/28/2023","1,406.44","1,405.04","1,406.95","1,393.68","","0.04%"
"11/27/2023","1,405.92","1,414.31","1,416.71","1,398.00","","-0.68%"
"11/24/2023","1,415.51","1,413.65","1,427.02","1,409.83","","0.19%"
"11/23/2023","1,412.89","1,430.24","1,430.24","1,409.60","","-1.17%"
"11/22/2023","1,429.64","1,416.11","1,430.14","1,411.26","","1.30%"
"11/21/2023","1,411.33","1,437.22","1,438.14","1,411.33","","-1.20%"
"11/20/2023","1,428.45","1,424.13","1,443.88","1,424.13","","0.43%"
"11/17/2023","1,422.28","1,429.34","1,433.33","1,413.85","","-0.62%"
"11/16/2023","1,431.22","1,454.05","1,457.87","1,430.93","","-1.73%"
"11/15/2023","1,456.42","1,453.63","1,459.31","1,448.54","","0.78%"
"11/14/2023","1,445.08","1,430.47","1,445.55","1,420.88","","1.04%"
"11/13/2023","1,430.17","1,446.49","1,451.86","1,423.04","","-0.07%"
"11/10/2023","1,431.24","1,442.05","1,449.90","1,417.96","","-0.23%"
"11/09/2023","1,434.53","1,435.47","1,458.33","1,421.86","","-6.37%"
"11/08/2023","1,532.07","1,531.60","1,536.57","1,499.41","","1.02%"
"11/07/2023","1,516.65","1,566.94","1,580.49","1,497.55","","-2.66%"
"11/06/2023","1,558.06","1,500.83","1,569.70","1,500.83","","4.18%"
"11/03/2023","1,495.48","1,474.16","1,518.08","1,473.76","","2.19%"
"11/02/2023","1,463.38","1,466.23","1,476.59","1,436.04","","0.67%"
"11/01/2023","1,453.58","1,443.74","1,493.42","1,433.91","","3.11%"
"10/31/2023","1,409.77","1,373.76","1,412.30","1,368.51","","3.32%"
"10/30/2023","1,364.43","1,359.04","1,376.04","1,328.85","","-0.87%"
"10/27/2023","1,376.46","1,422.46","1,438.56","1,343.53","","-1.92%"
"10/26/2023","1,403.38","1,378.49","1,432.39","1,371.70","","0.42%"
"10/25/2023","1,397.56","1,503.30","1,503.30","1,390.55","","-6.01%"
"10/24/2023","1,486.97","1,472.30","1,507.32","1,469.91","","0.46%"
"10/23/2023","1,480.21","1,573.02","1,602.33","1,471.86","","-5.32%"
"10/20/2023","1,563.33","1,607.47","1,626.36","1,544.74","","-2.00%"
"10/19/2023","1,595.17","1,609.45","1,705.44","1,576.71","","-3.71%"
"10/18/2023","1,656.70","1,679.65","1,714.24","1,642.53","","-3.15%"
"10/17/2023","1,710.54","1,780.37","1,800.98","1,672.63","","-5.31%"
"10/16/2023","1,806.49","1,888.79","1,893.11","1,796.49","","-4.26%"
"10/13/2023","1,886.87","1,901.67","1,929.57","1,886.87","","-0.69%"
"10/12/2023","1,900.01","1,889.83","1,929.16","1,887.26","","0.90%"
"10/11/2023","1,883.13","1,878.08","1,894.08","1,874.00","","1.30%"
"10/10/2023","1,858.96","1,852.67","1,881.27","1,852.67","","0.64%"
"10/09/2023","1,847.22","1,898.52","1,899.65","1,847.22","","-2.55%"
"10/06/2023","1,895.56","1,897.75","1,920.08","1,869.06","","0.37%"
"10/05/2023","1,888.53","1,857.08","1,902.19","1,857.08","","2.33%"
"10/04/2023","1,845.61","1,846.82","1,859.14","1,832.57","","-0.53%"
"10/03/2023","1,855.44","1,854.29","1,858.90","1,834.48","","0.39%"
"10/02/2023","1,848.22","1,856.81","1,866.97","1,846.30","","-0.39%"
"09/29/2023","1,855.47","1,849.26","1,869.89","1,842.37","","0.39%"
"09/28/2023","1,848.18","1,862.92","1,864.91","1,838.16","","-0.10%"
"09/27/2023","1,850.12","1,841.54","1,873.47","1,841.54","","0.71%"
"09/26/2023","1,837.00","1,867.66","1,870.98","1,832.97","","-1.55%"
"09/25/2023","1,865.87","1,897.07","1,902.08","1,863.94","","-1.69%"
"09/22/2023","1,898.00","1,892.34","1,899.81","1,880.15","","0.46%"
"09/21/2023","1,889.25","1,896.77","1,897.01","1,872.66","","-0.30%"
"09/20/2023","1,894.87","1,880.86","1,905.15","1,880.86","","0.77%"
"09/19/2023","1,880.32","1,888.62","1,901.69","1,869.57","","0.28%"
"09/18/2023","1,875.10","1,875.78","1,880.88","1,843.96","","0.35%"
"09/15/2023","1,868.53","1,875.63","1,886.27","1,863.51","","-0.21%"
"09/14/2023","1,872.44","1,865.48","1,885.41","1,860.67","","0.49%"
"09/13/2023","1,863.24","1,869.92","1,875.78","1,831.21","","-0.23%"
"09/12/2023","1,867.62","1,888.43","1,908.78","1,848.62","","-0.74%"
"09/11/2023","1,881.52","1,897.70","1,909.30","1,872.05","","-0.13%"
"09/08/2023","1,884.05","1,892.82","1,916.35","1,868.70","","-0.48%"
"09/07/2023","1,893.23","1,871.03","1,897.47","1,868.57","","1.14%"
"09/06/2023","1,871.80","1,864.68","1,878.37","1,850.38","","0.78%"
"09/05/2023","1,857.39","1,885.24","1,889.96","1,852.27","","-1.34%"
"09/04/2023","1,882.62","1,876.86","1,913.99","1,876.86","","0.40%"
"09/01/2023","1,875.20","1,870.68","1,885.20","1,859.19","","0.78%"
"08/31/2023","1,860.70","1,862.62","1,877.63","1,850.62","","-0.11%"
"08/30/2023","1,862.70","1,841.85","1,870.89","1,836.45","","1.72%"
"08/29/2023","1,831.12","1,828.45","1,836.23","1,806.79","","0.17%"
"08/28/2023","1,827.94","1,838.57","1,855.32","1,817.26","","-0.43%"
"08/25/2023","1,835.81","1,797.36","1,839.22","1,790.95","","1.68%"
"08/24/2023","1,805.43","1,778.83","1,806.58","1,777.04","","1.52%"
"08/23/2023","1,778.42","1,795.58","1,800.99","1,771.32","","-1.19%"
"08/22/2023","1,799.76","1,783.57","1,811.53","1,782.47","","1.00%"
"08/21/2023","1,781.93","1,769.19","1,788.75","1,762.88","","1.10%"
"08/18/2023","1,762.49","1,770.51","1,777.83","1,754.48","","-0.69%"
"08/17/2023","1,774.73","1,757.92","1,776.88","1,748.61","","0.84%"
"08/16/2023","1,759.99","1,775.26","1,775.42","1,736.07","","-0.90%"
"08/15/2023","1,775.95","1,801.91","1,809.56","1,772.20","","-1.94%"
"08/14/2023","1,811.00","1,793.34","1,815.08","1,793.34","","0.62%"
"08/11/2023","1,799.84","1,820.54","1,820.54","1,789.74","","-1.39%"
"08/10/2023","1,825.28","1,864.85","1,874.99","1,821.40","","-2.07%"
"08/09/2023","1,863.88","1,873.59","1,874.94","1,859.49","","-0.39%"
"08/08/2023","1,871.24","1,890.90","1,890.90","1,860.22","","-1.09%"
"08/07/2023","1,891.79","1,895.42","1,911.04","1,883.77","","-0.50%"
"08/04/2023","1,901.29","1,880.99","1,901.29","1,867.04","","1.23%"
"08/03/2023","1,878.26","1,875.27","1,890.03","1,861.81","","-0.13%"
"08/02/2023","1,880.71","1,876.97","1,882.73","1,850.99","","-0.14%"
"08/01/2023","1,883.34","1,852.62","1,884.13","1,843.55","","1.74%"
"07/31/2023","1,851.07","1,867.95","1,867.95","1,836.94","","-0.53%"
"07/28/2023","1,860.84","1,858.29","1,868.91","1,840.55","","-0.05%"
"07/27/2023","1,861.71","1,863.59","1,868.83","1,830.51","","-0.17%"
"07/26/2023","1,864.91","1,895.10","1,895.10","1,849.32","","-1.71%"
"07/25/2023","1,897.37","1,953.39","1,953.39","1,882.94","","-0.88%"
"07/24/2023","1,914.19","1,874.19","1,921.69","1,874.19","","2.43%"
"07/21/2023","1,868.79","1,858.22","1,873.92","1,851.18","","0.91%"
"07/20/2023","1,851.96","1,897.93","1,899.86","1,848.54","","-1.11%"
"07/19/2023","1,872.81","1,820.38","1,872.81","1,820.38","","3.38%"
"07/18/2023","1,811.52","1,782.38","1,824.05","1,773.89","","4.93%"
"07/17/2023","1,726.33","1,728.36","1,736.74","1,716.11","","0.20%"
"07/14/2023","1,722.95","1,749.49","1,750.21","1,722.95","","-1.42%"
"07/13/2023","1,747.72","1,755.68","1,764.94","1,741.48","","-0.23%"
"07/12/2023","1,751.71","1,769.77","1,769.77","1,747.67","","-0.97%"
"07/11/2023","1,768.78","1,769.14","1,782.48","1,756.73","","-0.06%"
"07/10/2023","1,769.88","1,767.73","1,771.79","1,754.92","","0.15%"
"07/07/2023","1,767.25","1,764.04","1,767.25","1,750.44","","0.30%"
"07/06/2023","1,761.89","1,789.02","1,789.06","1,754.12","","-1.39%"
"07/05/2023","1,786.74","1,799.36","1,799.36","1,771.15","","-0.40%"
"07/04/2023","1,793.85","1,767.75","1,797.43","1,767.75","","1.60%"
"07/03/2023","1,765.55","1,782.91","1,792.90","1,759.62","","-0.98%"
"06/30/2023","1,783.01","1,751.64","1,786.55","1,751.64","","1.57%"
"06/29/2023","1,755.46","1,747.00","1,758.99","1,736.96","","0.89%"
"06/28/2023","1,739.89","1,722.79","1,757.68","1,722.79","","1.62%"
"06/27/2023","1,712.12","1,729.55","1,737.15","1,707.62","","-0.86%"
"06/26/2023","1,726.89","1,760.22","1,765.36","1,726.89","","-1.87%"
"06/22/2023","1,759.85","1,753.45","1,759.85","1,734.92","","0.23%"
"06/21/2023","1,755.85","1,781.04","1,781.20","1,755.85","","-1.52%"
"06/20/2023","1,782.96","1,783.97","1,790.31","1,765.79","","0.20%"
"06/19/2023","1,779.34","1,797.02","1,797.63","1,768.83","","-0.38%"
"06/16/2023","1,786.04","1,769.47","1,793.49","1,767.85","","1.38%"
"06/15/2023","1,761.80","1,767.08","1,772.87","1,758.77","","-0.05%"
"06/14/2023","1,762.61","1,766.85","1,775.89","1,758.68","","-0.21%"
"06/13/2023","1,766.38","1,773.34","1,780.68","1,756.80","","-0.11%"
"06/12/2023","1,768.37","1,759.12","1,775.14","1,743.19","","1.29%"
"06/09/2023","1,745.78","1,745.52","1,758.90","1,728.00","","0.10%"
"06/08/2023","1,744.08","1,769.44","1,769.44","1,742.24","","-1.36%"
"06/07/2023","1,768.09","1,797.20","1,804.09","1,763.10","","-0.31%"
"06/05/2023","1,773.64","1,778.81","1,798.92","1,773.47","","-0.29%"
"06/02/2023","1,778.79","1,788.08","1,793.74","1,768.45","","0.49%"
"06/01/2023","1,770.08","1,787.58","1,793.97","1,755.04","","-1.10%"
"05/31/2023","1,789.75","1,781.00","1,789.75","1,758.46","","0.61%"
"05/30/2023","1,778.90","1,801.29","1,811.17","1,778.90","","-0.94%"
"05/29/2023","1,795.72","1,793.15","1,824.14","1,793.01","","1.19%"
"05/26/2023","1,774.55","1,765.15","1,794.87","1,764.01","","0.87%"
"05/25/2023","1,759.33","1,766.52","1,789.44","1,756.48","","-0.42%"
"05/24/2023","1,766.73","1,806.19","1,809.69","1,756.71","","-2.43%"
"05/23/2023","1,810.71","1,805.57","1,821.92","1,800.51","","0.50%"
"05/22/2023","1,801.62","1,838.95","1,838.95","1,795.64","","-0.95%"
"05/19/2023","1,818.96","1,833.56","1,857.39","1,817.68","","-0.46%"
"05/17/2023","1,827.37","1,824.48","1,882.48","1,819.58","","0.52%"
"05/16/2023","1,817.95","1,810.45","1,837.33","1,810.45","","0.63%"
"05/15/2023","1,806.50","1,792.95","1,807.21","1,775.21","","1.17%"
"05/12/2023","1,785.54","1,795.67","1,797.25","1,765.79","","-0.60%"
"05/11/2023","1,796.37","1,816.29","1,833.04","1,790.33","","-0.90%"
"05/10/2023","1,812.62","1,827.32","1,857.20","1,812.62","","-0.70%"
"05/09/2023","1,825.44","1,871.01","1,871.75","1,816.60","","-1.98%"
"05/08/2023","1,862.28","1,843.76","1,887.11","1,843.76","","1.91%"
"05/05/2023","1,827.30","1,812.27","1,835.26","1,812.27","","0.95%"
"05/04/2023","1,810.17","1,845.52","1,850.80","1,797.36","","-1.52%"
"05/03/2023","1,838.13","1,832.65","1,856.16","1,832.49","","0.60%"
"05/02/2023","1,827.19","1,826.71","1,850.12","1,826.22","","0.59%"
"05/01/2023","1,816.41","1,816.41","1,816.41","1,816.41","","0.00%"
"04/28/2023","1,816.41","1,820.15","1,831.32","1,811.75","","0.48%"
"04/27/2023","1,807.79","1,803.99","1,823.46","1,798.39","","0.40%"
"04/26/2023","1,800.65","1,779.47","1,800.65","1,774.82","","1.19%"
"04/25/2023","1,779.47","1,807.72","1,820.29","1,760.10","","-1.21%"
"04/24/2023","1,801.24","1,791.53","1,808.22","1,785.46","","1.11%"
"04/21/2023","1,781.46","1,792.23","1,792.87","1,772.39","","0.40%"
"04/20/2023","1,774.35","1,802.77","1,821.99","1,756.93","","-0.75%"
"04/19/2023","1,787.75","1,789.62","1,796.04","1,784.94","","-0.12%"
"04/18/2023","1,789.84","1,794.00","1,804.09","1,777.72","","0.03%"
"04/17/2023","1,789.39","1,764.12","1,789.39","1,763.44","","2.18%"
"04/14/2023","1,751.14","1,692.13","1,759.12","1,689.42","","3.61%"
"04/13/2023","1,690.06","1,699.92","1,699.92","1,681.20","","0.07%"
"04/12/2023","1,688.83","1,694.30","1,706.98","1,685.65","","-0.29%"
"04/11/2023","1,693.73","1,723.21","1,729.57","1,692.64","","-1.37%"
"04/06/2023","1,717.21","1,715.91","1,728.68","1,714.55","","0.17%"
"04/05/2023","1,714.26","1,730.50","1,732.93","1,710.17","","-1.16%"
"04/04/2023","1,734.37","1,743.71","1,752.81","1,723.11","","-0.05%"
"04/03/2023","1,735.23","1,736.33","1,746.85","1,733.85","","0.57%"
"03/31/2023","1,725.40","1,730.85","1,736.87","1,721.45","","-0.10%"
"03/30/2023","1,727.17","1,720.18","1,742.27","1,720.18","","0.65%"
"03/29/2023","1,716.10","1,712.77","1,730.12","1,712.77","","0.29%"
"03/28/2023","1,711.17","1,725.72","1,735.65","1,705.08","","-0.84%"
"03/27/2023","1,725.65","1,715.48","1,726.35","1,711.92","","0.73%"
"03/24/2023","1,713.20","1,720.04","1,720.89","1,698.60","","-0.44%"
"03/23/2023","1,720.69","1,727.09","1,728.67","1,704.65","","-0.09%"
"03/22/2023","1,722.28","1,744.63","1,746.69","1,722.28","","-1.18%"
"03/21/2023","1,742.84","1,737.68","1,747.20","1,731.26","","1.34%"
"03/20/2023","1,719.75","1,728.54","1,731.09","1,685.70","","-0.67%"
"03/17/2023","1,731.41","1,760.90","1,766.20","1,731.41","","-1.38%"
"03/16/2023","1,755.72","1,734.18","1,758.90","1,734.18","","1.21%"
"03/15/2023","1,734.78","1,781.18","1,791.21","1,716.32","","-2.29%"
"03/14/2023","1,775.42","1,753.87","1,781.81","1,753.34","","1.40%"
"03/13/2023","1,750.99","1,791.61","1,791.61","1,733.70","","-1.68%"
"03/10/2023","1,780.87","1,798.32","1,798.32","1,771.90","","-1.53%"
"03/09/2023","1,808.53","1,804.05","1,814.08","1,796.06","","0.46%"
"03/08/2023","1,800.21","1,790.27","1,802.27","1,784.09","","0.43%"
"03/07/2023","1,792.58","1,796.08","1,806.93","1,790.33","","-0.08%"
"03/06/2023","1,794.06","1,803.70","1,809.77","1,790.43","","-0.02%"
"03/03/2023","1,794.44","1,803.94","1,809.24","1,794.44","","0.20%"
"03/02/2023","1,790.78","1,798.05","1,803.74","1,788.83","","-0.16%"
"03/01/2023","1,793.58","1,818.64","1,820.95","1,793.58","","-1.03%"
"02/28/2023","1,812.23","1,824.44","1,828.28","1,803.38","","-0.11%"
"02/27/2023","1,814.16","1,811.70","1,819.59","1,808.51","","0.55%"
"02/24/2023","1,804.15","1,818.29","1,828.71","1,799.60","","-0.56%"
"02/23/2023","1,814.22","1,816.06","1,826.61","1,811.36","","-0.07%"
"02/22/2023","1,815.57","1,832.06","1,832.06","1,810.43","","-0.71%"
"02/21/2023","1,828.57","1,833.29","1,846.48","1,825.51","","0.14%"
"02/20/2023","1,826.10","1,827.69","1,830.50","1,817.80","","0.46%"
"02/17/2023","1,817.71","1,836.26","1,838.87","1,817.26","","-0.90%"
"02/16/2023","1,834.13","1,820.31","1,845.93","1,818.86","","-0.14%"
"02/15/2023","1,836.72","1,866.47","1,877.45","1,836.72","","0.00%"
"02/14/2023","1,836.80","1,812.06","1,836.80","1,812.06","","1.73%"
"02/13/2023","1,805.64","1,793.20","1,808.64","1,788.62","","1.08%"
"02/10/2023","1,786.39","1,796.89","1,798.07","1,771.05","","-0.32%"
"02/09/2023","1,792.09","1,798.37","1,804.84","1,780.22","","-0.12%"
"02/08/2023","1,794.28","1,768.19","1,804.87","1,768.19","","2.30%"
"02/07/2023","1,753.99","1,772.16","1,782.67","1,749.25","","-0.64%"
"02/06/2023","1,765.31","1,789.43","1,789.43","1,765.31","","-0.94%"
"02/03/2023","1,781.99","1,788.16","1,788.90","1,769.27","","-0.28%"
"02/02/2023","1,786.97","1,763.63","1,791.47","1,763.63","","1.56%"
"02/01/2023","1,759.53","1,750.91","1,759.53","1,745.49","","0.75%"
"01/31/2023","1,746.49","1,761.78","1,762.05","1,730.15","","-0.65%"
"01/30/2023","1,757.90","1,767.07","1,773.32","1,753.75","","-0.09%"
"01/27/2023","1,759.46","1,771.94","1,776.62","1,755.78","","-0.67%"
"01/26/2023","1,771.34","1,770.23","1,775.28","1,765.09","","0.55%"
"01/25/2023","1,761.57","1,780.05","1,783.20","1,761.57","","-0.90%"
"01/24/2023","1,777.54","1,774.72","1,782.59","1,771.26","","0.52%"
"01/23/2023","1,768.39","1,755.78","1,772.62","1,751.11","","0.91%"
"01/20/2023","1,752.51","1,755.81","1,763.40","1,741.07","","0.31%"
"01/19/2023","1,747.18","1,740.44","1,756.53","1,739.22","","0.35%"
"01/18/2023","1,741.16","1,743.93","1,748.17","1,736.91","","-0.25%"
"01/17/2023","1,745.55","1,741.56","1,745.55","1,734.44","","0.44%"
"01/16/2023","1,737.84","1,748.62","1,760.56","1,736.83","","-0.10%"
"01/13/2023","1,739.66","1,733.77","1,747.13","1,731.66","","0.08%"
"01/12/2023","1,738.28","1,705.28","1,739.42","1,702.21","","1.99%"
"01/11/2023","1,704.35","1,698.80","1,707.73","1,692.54","","0.42%"
"01/10/2023","1,697.17","1,702.26","1,704.48","1,687.28","","0.03%"
"01/09/2023","1,696.58","1,690.59","1,704.32","1,690.59","","0.68%"
"01/05/2023","1,685.14","1,684.51","1,689.76","1,674.20","","0.56%"
"01/04/2023","1,675.82","1,706.14","1,708.37","1,674.34","","-1.20%"
"01/03/2023","1,696.11","1,694.17","1,705.17","1,684.67","","0.37%"
"01/02/2023","1,689.80","1,652.70","1,695.10","1,651.40","","2.40%"
"12/30/2022","1,650.15","1,644.07","1,660.69","1,636.19","","0.50%"
"12/29/2022","1,641.94","1,631.00","1,643.90","1,624.60","","0.47%"
"12/28/2022","1,634.34","1,654.21","1,654.29","1,631.19","","-1.38%"
"12/27/2022","1,657.25","1,669.88","1,674.48","1,652.05","","-0.97%"
"12/23/2022","1,673.56","1,667.56","1,679.72","1,658.53","","0.27%"
"12/22/2022","1,669.09","1,670.93","1,687.58","1,666.29","","0.06%"
"12/21/2022","1,668.08","1,656.16","1,670.09","1,656.16","","0.46%"
"12/20/2022","1,660.51","1,681.87","1,681.87","1,658.00","","-1.34%"
"12/19/2022","1,682.99","1,703.16","1,703.16","1,674.38","","-1.09%"
"12/16/2022","1,701.47","1,726.51","1,726.77","1,693.95","","-1.86%"
"12/15/2022","1,733.76","1,735.55","1,735.81","1,715.89","","-0.38%"
"12/14/2022","1,740.39","1,744.67","1,750.98","1,730.30","","-0.34%"
"12/13/2022","1,746.32","1,734.80","1,746.32","1,720.62","","0.76%"
"12/12/2022","1,733.17","1,743.76","1,749.45","1,718.84","","-0.09%"
"12/09/2022","1,734.65","1,730.11","1,739.66","1,723.15","","0.66%"
"12/08/2022","1,723.34","1,732.54","1,742.60","1,716.25","","-0.46%"
"12/07/2022","1,731.26","1,739.06","1,761.09","1,725.93","","-0.73%"
"12/06/2022","1,744.03","1,744.03","1,744.03","1,744.03","","0.00%"
"12/05/2022","1,744.03","1,743.32","1,750.56","1,736.25","","0.54%"
"12/02/2022","1,734.58","1,735.12","1,752.35","1,726.72","","0.23%"
"12/01/2022","1,730.56","1,733.50","1,752.34","1,727.97","","-1.52%"
"11/30/2022","1,757.25","1,705.66","1,757.25","1,701.13","","2.99%"
"11/29/2022","1,706.18","1,702.79","1,714.51","1,693.39","","0.58%"
"11/28/2022","1,696.27","1,721.22","1,721.22","1,688.31","","-1.43%"
"11/25/2022","1,720.82","1,726.63","1,737.35","1,718.19","","-0.04%"
"11/24/2022","1,721.43","1,714.61","1,722.68","1,703.92","","0.99%"
"11/23/2022","1,704.56","1,708.38","1,713.62","1,684.60","","-0.37%"
"11/22/2022","1,710.86","1,719.01","1,719.18","1,691.52","","-0.24%"
"11/21/2022","1,714.93","1,734.01","1,734.01","1,699.06","","-0.87%"
"11/18/2022","1,729.96","1,729.99","1,729.99","1,708.12","","-0.12%"
"11/17/2022","1,732.07","1,757.70","1,782.48","1,720.75","","-1.38%"
"11/16/2022","1,756.27","1,799.79","1,806.43","1,752.80","","-2.07%"
"11/15/2022","1,793.46","1,759.47","1,793.46","1,759.47","","2.73%"
"11/14/2022","1,745.79","1,752.77","1,758.04","1,727.15","","-0.07%"
"11/11/2022","1,747.01","1,739.03","1,755.68","1,732.52","","0.96%"
"11/10/2022","1,730.47","1,699.40","1,739.83","1,681.63","","2.20%"
"11/09/2022","1,693.19","1,688.20","1,698.55","1,675.24","","2.04%"
"11/08/2022","1,659.37","1,627.26","1,667.36","1,627.26","","2.21%"
"11/07/2022","1,623.56","1,606.18","1,625.97","1,602.74","","1.58%"
"11/04/2022","1,598.27","1,574.88","1,598.89","1,574.81","","1.73%"
"11/03/2022","1,571.07","1,574.27","1,574.88","1,558.86","","-0.08%"
"11/02/2022","1,572.39","1,566.68","1,579.43","1,559.26","","0.56%"
"11/01/2022","1,563.63","1,564.54","1,570.75","1,556.01","","0.90%"
"10/31/2022","1,549.75","1,542.58","1,554.29","1,534.80","","1.77%"
"10/28/2022","1,522.85","1,526.24","1,545.75","1,506.08","","0.57%"
"10/27/2022","1,514.16","1,520.78","1,523.03","1,501.79","","-0.04%"
"10/26/2022","1,514.70","1,516.00","1,523.67","1,505.62","","0.33%"
"10/25/2022","1,509.72","1,514.52","1,518.59","1,502.92","","-0.35%"
"10/24/2022","1,515.05","1,499.24","1,521.46","1,488.04","","1.07%"
"10/21/2022","1,499.03","1,494.92","1,499.03","1,484.85","","0.38%"
"10/20/2022","1,493.38","1,505.73","1,513.02","1,488.51","","-0.85%"
"10/19/2022","1,506.22","1,519.96","1,521.05","1,501.14","","-0.65%"
"10/18/2022","1,516.12","1,498.42","1,526.21","1,498.42","","1.16%"
"10/17/2022","1,498.79","1,509.39","1,509.39","1,489.46","","-0.09%"
"10/14/2022","1,500.12","1,511.37","1,516.77","1,496.82","","-0.21%"
"10/13/2022","1,503.34","1,503.27","1,513.20","1,489.99","","-0.73%"
"10/12/2022","1,514.32","1,519.96","1,524.92","1,507.51","","-0.73%"
"10/11/2022","1,525.39","1,527.74","1,531.28","1,510.12","","0.08%"
"10/10/2022","1,524.22","1,534.78","1,536.56","1,520.65","","-0.44%"
"10/07/2022","1,531.03","1,553.90","1,562.29","1,527.30","","-1.42%"
"10/06/2022","1,553.13","1,543.58","1,559.92","1,539.13","","1.10%"
"10/05/2022","1,536.17","1,544.11","1,549.37","1,529.81","","-0.31%"
"10/04/2022","1,540.99","1,543.97","1,559.53","1,536.68","","-0.04%"
"10/03/2022","1,541.67","1,539.51","1,547.24","1,520.23","","0.63%"
"09/30/2022","1,531.96","1,489.39","1,533.46","1,483.90","","2.70%"
"09/29/2022","1,491.75","1,518.16","1,518.16","1,487.35","","-2.24%"
"09/28/2022","1,526.00","1,551.49","1,551.49","1,507.43","","-1.87%"
"09/27/2022","1,555.06","1,553.02","1,564.80","1,547.31","","0.30%"
"09/26/2022","1,550.35","1,566.21","1,567.68","1,540.56","","-1.11%"
"09/23/2022","1,567.68","1,588.49","1,593.15","1,551.02","","-1.41%"
"09/22/2022","1,590.13","1,597.81","1,605.91","1,586.96","","-0.66%"
"09/21/2022","1,600.66","1,605.50","1,609.77","1,587.34","","-0.51%"
"09/20/2022","1,608.88","1,629.59","1,637.90","1,590.13","","-0.85%"
"09/19/2022","1,622.63","1,645.76","1,647.67","1,615.83","","-1.19%"
"09/16/2022","1,642.21","1,665.10","1,665.10","1,635.26","","-1.20%"
"09/15/2022","1,662.09","1,666.26","1,687.98","1,659.81","","-0.66%"
"09/14/2022","1,673.08","1,668.10","1,687.69","1,666.89","","-0.49%"
"09/13/2022","1,681.33","1,703.85","1,710.29","1,681.33","","-0.84%"
"09/12/2022","1,695.61","1,706.06","1,719.85","1,695.61","","-0.22%"
"09/09/2022","1,699.37","1,678.97","1,707.92","1,677.92","","1.73%"
"09/08/2022","1,670.50","1,682.13","1,686.02","1,658.39","","1.02%"
"09/07/2022","1,653.70","1,646.43","1,660.44","1,638.16","","0.78%"
"09/06/2022","1,640.95","1,650.86","1,669.42","1,629.19","","-0.38%"
"09/05/2022","1,647.26","1,663.36","1,663.36","1,632.25","","-1.71%"
"09/02/2022","1,675.99","1,686.81","1,704.39","1,674.38","","-0.50%"
"09/01/2022","1,684.36","1,736.18","1,736.18","1,682.33","","-2.73%"
"08/31/2022","1,731.60","1,731.28","1,740.70","1,722.37","","0.70%"
"08/30/2022","1,719.55","1,716.34","1,738.07","1,707.03","","0.88%"
"08/29/2022","1,704.56","1,742.95","1,743.48","1,698.99","","-2.27%"
"08/26/2022","1,744.13","1,776.32","1,783.24","1,744.13","","-1.42%"
"08/25/2022","1,769.21","1,786.56","1,789.15","1,766.90","","-0.47%"
"08/24/2022","1,777.49","1,784.88","1,803.51","1,767.80","","0.74%"
"08/23/2022","1,764.48","1,760.93","1,786.12","1,758.12","","0.44%"
"08/22/2022","1,756.81","1,768.25","1,787.12","1,752.12","","-0.44%"
"08/19/2022","1,764.58","1,844.16","1,844.16","1,724.80","","-4.21%"
"08/18/2022","1,842.18","1,870.92","1,871.69","1,833.98","","-1.00%"
"08/17/2022","1,860.78","1,874.40","1,884.47","1,852.33","","0.00%"
"08/16/2022","1,860.79","1,847.48","1,869.87","1,844.47","","0.96%"
"08/15/2022","1,843.12","1,840.51","1,855.00","1,825.19","","0.79%"
"08/12/2022","1,828.71","1,816.47","1,843.79","1,796.66","","1.32%"
"08/11/2022","1,804.95","1,764.81","1,805.53","1,759.89","","3.75%"
"08/10/2022","1,739.69","1,746.03","1,749.99","1,731.42","","-0.30%"
"08/09/2022","1,744.99","1,754.46","1,756.32","1,739.54","","-0.62%"
"08/08/2022","1,755.85","1,770.48","1,770.48","1,744.55","","-0.62%"
"08/05/2022","1,766.89","1,774.33","1,779.99","1,763.30","","-0.28%"
"08/04/2022","1,771.83","1,769.21","1,774.32","1,758.57","","0.32%"
"08/03/2022","1,766.14","1,750.00","1,770.05","1,744.64","","1.13%"
"08/02/2022","1,746.48","1,760.52","1,762.98","1,735.86","","-0.45%"
"08/01/2022","1,754.32","1,761.47","1,774.12","1,752.00","","-0.02%"
"07/29/2022","1,754.71","1,741.16","1,759.56","1,738.13","","0.69%"
"07/28/2022","1,742.71","1,743.54","1,748.03","1,730.09","","0.14%"
"07/27/2022","1,740.29","1,742.38","1,749.83","1,730.69","","-0.11%"
"07/26/2022","1,742.21","1,745.50","1,763.02","1,730.27","","0.01%"
"07/25/2022","1,741.96","1,743.71","1,748.61","1,737.26","","0.14%"
"07/22/2022","1,739.59","1,738.11","1,747.02","1,731.37","","0.12%"
"07/21/2022","1,737.53","1,739.88","1,748.31","1,733.74","","0.52%"
"07/20/2022","1,728.53","1,715.66","1,733.64","1,715.66","","0.45%"
"07/19/2022","1,720.82","1,743.04","1,744.40","1,707.59","","-0.62%"
"07/18/2022","1,731.57","1,712.94","1,739.82","1,712.94","","1.31%"
"07/15/2022","1,709.13","1,709.13","1,727.12","1,700.66","","1.02%"
"07/14/2022","1,691.87","1,716.08","1,724.73","1,687.93","","-1.39%"
"07/13/2022","1,715.67","1,727.37","1,733.65","1,702.45","","-0.97%"
"07/12/2022","1,732.42","1,728.81","1,737.75","1,715.15","","-0.06%"
"07/11/2022","1,733.47","1,742.33","1,748.59","1,722.60","","-0.63%"
"07/08/2022","1,744.45","1,714.03","1,744.45","1,714.03","","1.98%"
"07/07/2022","1,710.58","1,707.27","1,724.26","1,703.42","","0.71%"
"07/06/2022","1,698.51","1,699.64","1,717.08","1,695.85","","0.45%"
"07/05/2022","1,690.97","1,708.09","1,715.40","1,687.04","","-0.99%"
"07/04/2022","1,707.85","1,709.70","1,731.34","1,707.85","","-0.28%"
"07/01/2022","1,712.61","1,717.00","1,724.86","1,703.40","","0.28%"
"06/30/2022","1,707.88","1,734.63","1,737.09","1,697.30","","-1.16%"
"06/29/2022","1,727.92","1,739.72","1,758.46","1,717.51","","-0.48%"
"06/28/2022","1,736.17","1,724.96","1,747.25","1,724.96","","0.70%"
"06/27/2022","1,724.17","1,715.30","1,729.99","1,711.69","","0.82%"
"06/23/2022","1,710.08","1,721.73","1,726.36","1,708.21","","-0.55%"
"06/22/2022","1,719.57","1,737.68","1,737.68","1,704.29","","-0.70%"
"06/21/2022","1,731.62","1,747.39","1,751.05","1,722.12","","-0.58%"
"06/20/2022","1,741.71","1,750.05","1,757.57","1,726.91","","0.14%"
"06/17/2022","1,739.36","1,723.73","1,739.36","1,718.52","","1.12%"
"06/16/2022","1,720.06","1,762.23","1,767.83","1,710.00","","-2.52%"
"06/15/2022","1,764.56","1,763.25","1,776.06","1,755.17","","0.20%"
"06/14/2022","1,761.10","1,789.75","1,803.15","1,751.97","","-1.32%"
"06/13/2022","1,784.69","1,835.09","1,835.18","1,782.88","","-2.87%"
"06/10/2022","1,837.40","1,874.47","1,883.35","1,837.40","","-1.97%"
"06/09/2022","1,874.37","1,888.00","1,902.37","1,869.65","","-0.46%"
"06/08/2022","1,883.09","1,841.93","1,891.09","1,839.54","","2.26%"
"06/07/2022","1,841.46","1,861.46","1,866.03","1,838.93","","-0.17%"
"06/03/2022","1,844.65","1,851.27","1,856.48","1,843.53","","-0.21%"
"06/02/2022","1,848.51","1,844.14","1,853.20","1,840.23","","0.23%"
"06/01/2022","1,844.32","1,850.64","1,856.18","1,839.23","","0.04%"
"05/31/2022","1,843.52","1,860.45","1,867.23","1,841.93","","-0.51%"
"05/30/2022","1,852.94","1,851.55","1,876.65","1,851.55","","0.12%"
"05/27/2022","1,850.77","1,846.75","1,875.27","1,840.76","","0.77%"
"05/25/2022","1,836.58","1,850.58","1,857.94","1,824.65","","-0.86%"
"05/24/2022","1,852.42","1,877.77","1,877.77","1,844.02","","-0.40%"
"05/23/2022","1,859.95","1,852.33","1,868.66","1,847.01","","0.93%"
"05/20/2022","1,842.84","1,831.67","1,854.20","1,830.04","","1.04%"
"05/19/2022","1,823.85","1,844.08","1,846.28","1,822.43","","-1.69%"
"05/18/2022","1,855.20","1,871.49","1,889.84","1,850.08","","-0.31%"
"05/17/2022","1,861.05","1,833.06","1,868.98","1,833.06","","1.98%"
"05/16/2022","1,824.89","1,855.51","1,858.94","1,824.42","","0.05%"
"05/13/2022","1,823.93","1,807.16","1,828.40","1,807.16","","1.99%"
"05/12/2022","1,788.34","1,805.63","1,805.63","1,779.79","","-1.28%"
"05/11/2022","1,811.44","1,796.74","1,820.28","1,790.95","","1.52%"
"05/10/2022","1,784.34","1,785.54","1,812.29","1,775.76","","0.40%"
"05/09/2022","1,777.27","1,850.95","1,850.95","1,771.80","","-3.84%"
"05/06/2022","1,848.29","1,873.78","1,884.66","1,845.47","","-1.32%"
"05/05/2022","1,873.02","1,898.22","1,919.44","1,873.02","","-0.97%"
"05/04/2022","1,891.42","1,916.85","1,926.22","1,884.90","","-0.89%"
"05/03/2022","1,908.31","1,918.40","1,945.03","1,907.72","","-0.03%"
"05/02/2022","1,908.81","1,941.48","1,947.20","1,898.77","","-1.68%"
"04/29/2022","1,941.39","1,951.43","1,958.65","1,937.76","","-0.02%"
"04/28/2022","1,941.73","1,955.49","1,973.16","1,937.65","","-0.84%"
"04/27/2022","1,958.13","1,983.05","1,991.79","1,954.98","","-1.91%"
"04/26/2022","1,996.33","2,021.80","2,045.65","1,990.42","","-1.06%"
"04/25/2022","2,017.65","2,057.17","2,059.36","2,006.71","","-2.08%"
"04/22/2022","2,060.55","2,074.65","2,094.83","2,056.87","","-0.72%"
"04/21/2022","2,075.46","2,057.64","2,086.22","2,056.42","","0.95%"
"04/20/2022","2,055.97","2,040.82","2,058.09","2,039.69","","0.82%"
"04/19/2022","2,039.17","2,042.62","2,043.05","2,029.02","","0.10%"
"04/14/2022","2,037.12","2,038.39","2,044.66","2,032.01","","0.66%"
"04/13/2022","2,023.70","2,029.57","2,046.81","2,018.31","","-0.10%"
"04/12/2022","2,025.80","2,047.32","2,051.23","2,018.59","","-0.94%"
"04/11/2022","2,045.02","2,071.40","2,074.80","2,041.23","","-0.27%"
"04/08/2022","2,050.52","2,038.36","2,057.66","2,038.36","","0.79%"
"04/07/2022","2,034.49","2,048.14","2,055.92","2,031.82","","0.32%"
"04/06/2022","2,028.01","2,077.63","2,078.31","2,020.50","","-2.12%"
"04/05/2022","2,071.95","2,053.63","2,083.79","2,048.62","","0.76%"
"04/04/2022","2,056.34","2,040.49","2,065.83","2,040.49","","1.14%"
"04/01/2022","2,033.12","2,019.65","2,038.25","2,016.95","","0.92%"
"03/31/2022","2,014.56","2,025.63","2,039.26","2,013.78","","-0.21%"
"03/30/2022","2,018.86","2,043.01","2,043.80","2,004.61","","-0.39%"
"03/29/2022","2,026.70","2,013.73","2,036.52","2,013.73","","1.04%"
"03/28/2022","2,005.87","2,002.07","2,015.53","1,993.71","","0.62%"
"03/25/2022","1,993.49","2,021.74","2,021.74","1,992.96","","-0.52%"
"03/24/2022","2,003.97","2,019.26","2,019.93","2,000.30","","-0.83%"
"03/23/2022","2,020.82","2,024.03","2,029.42","2,012.99","","-0.14%"
"03/22/2022","2,023.60","2,039.96","2,042.80","2,022.13","","-0.21%"
"03/21/2022","2,027.79","2,049.64","2,056.90","2,025.90","","-0.78%"
"03/18/2022","2,043.83","2,046.86","2,049.17","2,029.46","","0.05%"
"03/17/2022","2,042.87","2,058.42","2,064.61","2,041.90","","0.05%"
"03/16/2022","2,041.94","2,046.02","2,062.21","2,040.32","","1.06%"
"03/15/2022","2,020.49","2,085.23","2,085.67","2,015.48","","-2.74%"
"03/14/2022","2,077.31","2,060.47","2,079.55","2,060.47","","1.85%"
"03/11/2022","2,039.48","2,029.28","2,055.24","2,019.71","","1.15%"
"03/10/2022","2,016.38","2,032.35","2,044.17","2,009.47","","0.27%"
"03/09/2022","2,010.86","1,951.41","2,028.98","1,951.25","","4.17%"
"03/08/2022","1,930.43","1,874.78","1,957.07","1,874.78","","2.74%"
"03/07/2022","1,878.90","1,928.89","1,928.89","1,827.90","","-3.09%"
"03/04/2022","1,938.83","2,014.08","2,023.03","1,932.92","","-4.38%"
"03/03/2022","2,027.67","2,048.90","2,060.46","2,017.91","","-0.47%"
"03/02/2022","2,037.19","2,016.68","2,044.32","2,004.22","","0.91%"
"03/01/2022","2,018.84","2,086.04","2,091.34","2,016.86","","-2.43%"
"02/28/2022","2,069.18","2,046.35","2,069.18","2,022.07","","0.65%"
"02/25/2022","2,055.74","1,993.06","2,078.45","1,993.06","","3.96%"
"02/24/2022","1,977.35","1,983.31","2,000.21","1,939.42","","-4.15%"
"02/23/2022","2,062.89","2,042.69","2,092.74","2,042.69","","1.31%"
"02/22/2022","2,036.12","2,012.47","2,053.17","1,971.68","","-0.92%"
"02/21/2022","2,055.00","2,107.39","2,121.04","2,037.69","","-2.16%"
"02/18/2022","2,100.35","2,133.04","2,133.04","2,099.45","","-1.40%"
"02/17/2022","2,130.22","2,167.14","2,174.02","2,119.82","","-1.48%"
"02/16/2022","2,162.33","2,185.36","2,197.17","2,160.90","","-0.13%"
"02/15/2022","2,165.18","2,128.36","2,174.83","2,126.09","","1.28%"
"02/14/2022","2,137.87","2,183.03","2,183.03","2,114.86","","-2.52%"
"02/11/2022","2,193.08","2,213.57","2,220.97","2,192.41","","-1.47%"
"02/10/2022","2,225.70","2,275.57","2,277.65","2,211.29","","-1.25%"
"02/09/2022","2,253.76","2,237.47","2,262.57","2,236.55","","0.25%"
"02/08/2022","2,248.23","2,237.83","2,257.41","2,226.44","","0.58%"
"02/07/2022","2,235.18","2,247.30","2,260.52","2,229.71","","-0.64%"
"02/04/2022","2,249.68","2,276.47","2,278.19","2,233.26","","-0.56%"
"02/03/2022","2,262.34","2,267.05","2,288.35","2,255.69","","-1.42%"
"02/02/2022","2,294.90","2,306.77","2,322.79","2,286.77","","0.25%"
"02/01/2022","2,289.09","2,290.68","2,305.78","2,285.89","","1.07%"
"01/31/2022","2,264.88","2,224.91","2,274.08","2,224.91","","2.92%"
"01/28/2022","2,200.55","2,230.14","2,238.44","2,194.38","","-1.22%"
"01/27/2022","2,227.75","2,226.31","2,246.12","2,201.69","","0.15%"
"01/26/2022","2,224.44","2,172.55","2,230.18","2,170.37","","3.40%"
"01/25/2022","2,151.31","2,100.83","2,200.25","2,100.83","","3.34%"
"01/24/2022","2,081.83","2,203.17","2,203.17","2,067.72","","-6.74%"
"01/21/2022","2,232.38","2,313.71","2,313.71","2,203.78","","-4.23%"
"01/20/2022","2,330.88","2,304.13","2,333.05","2,299.35","","1.25%"
"01/19/2022","2,302.02","2,338.78","2,338.78","2,298.00","","-1.75%"
"01/18/2022","2,343.10","2,383.81","2,383.81","2,335.12","","-0.56%"
"01/17/2022","2,356.27","2,360.90","2,362.57","2,346.08","","0.01%"
"01/14/2022","2,356.15","2,380.20","2,380.20","2,351.44","","-1.52%"
"01/13/2022","2,392.45","2,434.69","2,434.69","2,389.51","","-1.27%"
"01/12/2022","2,423.31","2,452.22","2,457.85","2,423.30","","-0.09%"
"01/11/2022","2,425.54","2,416.49","2,437.62","2,416.31","","0.93%"
"01/10/2022","2,403.09","2,485.58","2,487.43","2,403.09","","-2.40%"
"01/07/2022","2,462.10","2,516.77","2,516.77","2,462.10","","-2.28%"
"01/05/2022","2,519.53","2,529.79","2,542.75","2,513.26","","-0.30%"
"01/04/2022","2,527.15","2,547.92","2,549.79","2,518.60","","0.00%"
"01/03/2022","2,527.25","2,544.17","2,548.48","2,521.97","","0.67%"
"12/30/2021","2,510.46","2,498.16","2,511.75","2,480.58","","1.53%"
"12/29/2021","2,472.62","2,471.23","2,482.90","2,447.22","","0.56%"
"12/28/2021","2,458.82","2,477.38","2,487.83","2,450.02","","-0.47%"
"12/27/2021","2,470.55","2,447.95","2,481.02","2,442.05","","1.47%"
"12/23/2021","2,434.66","2,384.41","2,445.92","2,382.35","","2.59%"
"12/22/2021","2,373.13","2,339.90","2,376.20","2,339.90","","1.58%"
"12/21/2021","2,336.28","2,308.43","2,336.28","2,308.43","","1.81%"
"12/20/2021","2,294.83","2,327.04","2,327.04","2,283.78","","-2.07%"
"12/17/2021","2,343.33","2,346.41","2,346.41","2,302.91","","-0.05%"
"12/16/2021","2,344.46","2,320.36","2,349.43","2,320.36","","2.22%"
"12/15/2021","2,293.48","2,300.54","2,309.73","2,291.52","","0.29%"
"12/14/2021","2,286.82","2,344.12","2,350.60","2,286.07","","-1.99%"
"12/13/2021","2,333.15","2,354.01","2,358.08","2,333.15","","-0.47%"
"12/10/2021","2,344.24","2,360.31","2,360.31","2,336.14","","-0.57%"
"12/09/2021","2,357.67","2,359.53","2,374.50","2,337.53","","0.02%"
"12/08/2021","2,357.31","2,372.56","2,391.92","2,353.09","","-0.51%"
"12/07/2021","2,369.46","2,358.75","2,372.87","2,347.90","","1.18%"
"12/06/2021","2,341.76","2,341.76","2,341.76","2,341.76","","0.00%"
"12/03/2021","2,341.76","2,347.24","2,358.76","2,329.61","","0.05%"
"12/02/2021","2,340.70","2,382.12","2,382.12","2,331.90","","-2.06%"
"12/01/2021","2,390.04","2,398.77","2,405.27","2,371.08","","0.16%"
"11/30/2021","2,386.27","2,385.68","2,395.76","2,354.34","","-0.48%"
"11/29/2021","2,397.73","2,379.14","2,409.14","2,374.53","","0.05%"
"11/26/2021","2,396.51","2,391.16","2,406.40","2,347.99","","-2.02%"
"11/25/2021","2,445.94","2,453.97","2,457.16","2,436.05","","-0.07%"
"11/24/2021","2,447.72","2,461.38","2,464.08","2,441.59","","-0.28%"
"11/23/2021","2,454.56","2,489.59","2,489.59","2,449.93","","-1.85%"
"11/22/2021","2,500.87","2,528.07","2,536.06","2,485.97","","-0.71%"
"11/19/2021","2,518.80","2,509.42","2,535.36","2,509.42","","0.34%"
"11/18/2021","2,510.21","2,538.34","2,546.65","2,510.11","","-1.08%"
"11/17/2021","2,537.69","2,558.66","2,560.59","2,529.01","","-0.07%"
"11/16/2021","2,539.56","2,555.87","2,557.90","2,538.12","","0.01%"
"11/15/2021","2,539.23","2,540.97","2,555.04","2,522.93","","0.52%"
"11/12/2021","2,526.06","2,525.46","2,549.33","2,519.66","","-0.86%"
"11/11/2021","2,548.07","2,543.33","2,559.59","2,533.73","","0.41%"
"11/10/2021","2,537.61","2,529.93","2,538.69","2,505.20","","0.44%"
"11/09/2021","2,526.61","2,541.74","2,549.59","2,521.46","","0.08%"
"11/08/2021","2,524.51","2,535.93","2,546.02","2,517.49","","0.02%"
"11/05/2021","2,523.95","2,504.45","2,541.52","2,502.74","","0.63%"
"11/04/2021","2,508.24","2,502.47","2,513.04","2,464.33","","0.80%"
"11/03/2021","2,488.38","2,531.01","2,539.26","2,479.18","","-2.07%"
"11/02/2021","2,540.89","2,590.14","2,592.02","2,540.89","","-1.87%"
"11/01/2021","2,589.19","2,610.04","2,613.24","2,576.07","","-0.20%"
"10/29/2021","2,594.48","2,656.53","2,658.04","2,590.85","","-2.04%"
"10/28/2021","2,648.43","2,661.38","2,663.06","2,604.41","","-0.54%"
"10/27/2021","2,662.76","2,650.68","2,675.79","2,640.65","","0.87%"
"10/26/2021","2,639.86","2,657.82","2,669.59","2,626.09","","-0.26%"
"10/25/2021","2,646.76","2,670.16","2,684.04","2,637.66","","-0.20%"
"10/22/2021","2,652.00","2,606.40","2,664.61","2,602.62","","2.32%"
"10/21/2021","2,591.78","2,557.66","2,601.41","2,555.53","","1.22%"
"10/20/2021","2,560.42","2,572.73","2,576.17","2,551.96","","-0.19%"
"10/19/2021","2,565.31","2,563.47","2,574.95","2,548.26","","0.23%"
"10/18/2021","2,559.52","2,533.34","2,559.52","2,532.22","","1.46%"
"10/15/2021","2,522.73","2,523.74","2,539.91","2,513.63","","0.37%"